Date,Daily minimum temperatures
1/1/1981,20.7
1/2/1981,17.9
1/3/1981,18.8
1/4/1981,14.6
1/5/1981,15.8
1/6/1981,15.8
1/7/1981,15.8
1/8/1981,17.4
1/9/1981,21.8
1/10/1981,20
1/11/1981,16.2
1/12/1981,13.3
1/13/1981,16.7
1/14/1981,21.5
1/15/1981,25
1/16/1981,20.7
1/17/1981,20.6
1/18/1981,24.8
1/19/1981,17.7
1/20/1981,15.5
1/21/1981,18.2
1/22/1981,12.1
1/23/1981,14.4
1/24/1981,16
1/25/1981,16.5
1/26/1981,18.7
1/27/1981,19.4
1/28/1981,17.2
1/29/1981,15.5
1/30/1981,15.1
1/31/1981,15.4
2/1/1981,15.3
2/2/1981,18.8
2/3/1981,21.9
2/4/1981,19.9
2/5/1981,16.6
2/6/1981,16.8
2/7/1981,14.6
2/8/1981,17.1
2/9/1981,25
2/10/1981,15
2/11/1981,13.7
2/12/1981,13.9
2/13/1981,18.3
2/14/1981,22
2/15/1981,22.1
2/16/1981,21.2
2/17/1981,18.4
2/18/1981,16.6
2/19/1981,16.1
2/20/1981,15.7
2/21/1981,16.6
2/22/1981,16.5
2/23/1981,14.4
2/24/1981,14.4
2/25/1981,18.5
2/26/1981,16.9
2/27/1981,17.5
2/28/1981,21.2
3/1/1981,17.8
3/2/1981,18.6
3/3/1981,17
3/4/1981,16
3/5/1981,13.3
3/6/1981,14.3
3/7/1981,11.4
3/8/1981,16.3
3/9/1981,16.1
3/10/1981,11.8
3/11/1981,12.2
3/12/1981,14.7
3/13/1981,11.8
3/14/1981,11.3
3/15/1981,10.6
3/16/1981,11.7
3/17/1981,14.2
3/18/1981,11.2
3/19/1981,16.9
3/20/1981,16.7
3/21/1981,8.1
3/22/1981,8
3/23/1981,8.8
3/24/1981,13.4
3/25/1981,10.9
3/26/1981,13.4
3/27/1981,11
3/28/1981,15
3/29/1981,15.7
3/30/1981,14.5
3/31/1981,15.8
4/1/1981,16.7
4/2/1981,16.8
4/3/1981,17.5
4/4/1981,17.1
4/5/1981,18.1
4/6/1981,16.6
4/7/1981,10
4/8/1981,14.9
4/9/1981,15.9
4/10/1981,13
4/11/1981,7.6
4/12/1981,11.5
4/13/1981,13.5
4/14/1981,13
4/15/1981,13.3
4/16/1981,12.1
4/17/1981,12.4
4/18/1981,13.2
4/19/1981,13.8
4/20/1981,10.6
4/21/1981,9
4/22/1981,10
4/23/1981,9.8
4/24/1981,11.5
4/25/1981,8.9
4/26/1981,7.4
4/27/1981,9.9
4/28/1981,9.3
4/29/1981,9.9
4/30/1981,7.4
5/1/1981,8.6
5/2/1981,11.9
5/3/1981,14
5/4/1981,8.6
5/5/1981,10
5/6/1981,13.5
5/7/1981,12
5/8/1981,10.5
5/9/1981,10.7
5/10/1981,8.1
5/11/1981,10.1
5/12/1981,10.6
5/13/1981,5.3
5/14/1981,6.6
5/15/1981,8.5
5/16/1981,11.2
5/17/1981,9.8
5/18/1981,5.9
5/19/1981,3.2
5/20/1981,2.1
5/21/1981,3.4
5/22/1981,5.4
5/23/1981,9.6
5/24/1981,11.5
5/25/1981,12.3
5/26/1981,12.6
5/27/1981,11
5/28/1981,11.2
5/29/1981,11.4
5/30/1981,11.8
5/31/1981,12.8
6/1/1981,11.6
6/2/1981,10.6
6/3/1981,9.8
6/4/1981,11.2
6/5/1981,5.7
6/6/1981,7.1
6/7/1981,2.5
6/8/1981,3.5
6/9/1981,4.6
6/10/1981,11
6/11/1981,5.7
6/12/1981,7.7
6/13/1981,10.4
6/14/1981,11.4
6/15/1981,9.2
6/16/1981,6.1
6/17/1981,2.7
6/18/1981,4.3
6/19/1981,6.3
6/20/1981,3.8
6/21/1981,4.4
6/22/1981,7.1
6/23/1981,4.8
6/24/1981,5.8
6/25/1981,6.2
6/26/1981,7.3
6/27/1981,9.2
6/28/1981,10.2
6/29/1981,9.5
6/30/1981,9.5
7/1/1981,10.7
7/2/1981,10
7/3/1981,6.5
7/4/1981,7
7/5/1981,7.4
7/6/1981,8.1
7/7/1981,6.6
7/8/1981,8.3
7/9/1981,8.9
7/10/1981,4.6
7/11/1981,6.8
7/12/1981,5.7
7/13/1981,6.1
7/14/1981,7
7/15/1981,7.2
7/16/1981,6.3
7/17/1981,8.8
7/18/1981,5
7/19/1981,7.4
7/20/1981,10.1
7/21/1981,12
7/22/1981,9
7/23/1981,8.9
7/24/1981,9.8
7/25/1981,9
7/26/1981,9.2
7/27/1981,7.7
7/28/1981,8
7/29/1981,6.1
7/30/1981,3.5
7/31/1981,3.2
8/1/1981,5.7
8/2/1981,7.7
8/3/1981,9
8/4/1981,10
8/5/1981,6.2
8/6/1981,6.9
8/7/1981,6.5
8/8/1981,6.8
8/9/1981,7
8/10/1981,5.2
8/11/1981,3
8/12/1981,5.6
8/13/1981,7.9
8/14/1981,9
8/15/1981,8.6
8/16/1981,10.3
8/17/1981,10.5
8/18/1981,7.6
8/19/1981,9.7
8/20/1981,12.5
8/21/1981,7.4
8/22/1981,7.9
8/23/1981,3.9
8/24/1981,6.6
8/25/1981,4.6
8/26/1981,7
8/27/1981,6
8/28/1981,5.5
8/29/1981,8.1
8/30/1981,5.5
8/31/1981,6.2
9/1/1981,8
9/2/1981,10.3
9/3/1981,9.8
9/4/1981,9.6
9/5/1981,8.5
9/6/1981,7.5
9/7/1981,11.2
9/8/1981,14.6
9/9/1981,11.7
9/10/1981,7.8
9/11/1981,12.3
9/12/1981,10.1
9/13/1981,11.5
9/14/1981,7.3
9/15/1981,10.9
9/16/1981,14.1
9/17/1981,10.7
9/18/1981,16.9
9/19/1981,10.5
9/20/1981,6.5
9/21/1981,11
9/22/1981,6.3
9/23/1981,10.5
9/24/1981,7.2
9/25/1981,7.6
9/26/1981,10.7
9/27/1981,7.8
9/28/1981,9.6
9/29/1981,11.4
9/30/1981,12.4
10/1/1981,8.9
10/2/1981,13.2
10/3/1981,8.6
10/4/1981,6.2
10/5/1981,11.4
10/6/1981,13.2
10/7/1981,14.3
10/8/1981,7.3
10/9/1981,12.9
10/10/1981,7.8
10/11/1981,6.2
10/12/1981,5.6
10/13/1981,10
10/14/1981,13.3
10/15/1981,8.3
10/16/1981,10.2
10/17/1981,8.6
10/18/1981,7.3
10/19/1981,10.4
10/20/1981,11.2
10/21/1981,13.2
10/22/1981,11.4
10/23/1981,9.1
10/24/1981,6.6
10/25/1981,8.4
10/26/1981,9.7
10/27/1981,13.2
10/28/1981,12.5
10/29/1981,11
10/30/1981,11
10/31/1981,11.7
11/1/1981,9.2
11/2/1981,11.5
11/3/1981,13.6
11/4/1981,13.7
11/5/1981,10.4
11/6/1981,11.5
11/7/1981,7.6
11/8/1981,9.6
11/9/1981,14.2
11/10/1981,15.7
11/11/1981,10.5
11/12/1981,10.5
11/13/1981,9.7
11/14/1981,9.5
11/15/1981,11.3
11/16/1981,8.9
11/17/1981,9.4
11/18/1981,11.9
11/19/1981,11.7
11/20/1981,13.4
11/21/1981,12.6
11/22/1981,10.1
11/23/1981,15.8
11/24/1981,13.6
11/25/1981,11.9
11/26/1981,9.9
11/27/1981,12.6
11/28/1981,17.8
11/29/1981,15
11/30/1981,13.6
12/1/1981,13.4
12/2/1981,10.5
12/3/1981,14.2
12/4/1981,11.5
12/5/1981,13
12/6/1981,15
12/7/1981,14.7
12/8/1981,12.6
12/9/1981,12.5
12/10/1981,13.5
12/11/1981,14.8
12/12/1981,17.2
12/13/1981,9.7
12/14/1981,12.1
12/15/1981,12.8
12/16/1981,11.2
12/17/1981,16.4
12/18/1981,15.6
12/19/1981,13.3
12/20/1981,11
12/21/1981,11.1
12/22/1981,15
12/23/1981,12.8
12/24/1981,15
12/25/1981,14.2
12/26/1981,14
12/27/1981,15.5
12/28/1981,13.3
12/29/1981,15.6
12/30/1981,15.2
12/31/1981,17.4
1/1/1982,17
1/2/1982,15
1/3/1982,13.5
1/4/1982,15.2
1/5/1982,13
1/6/1982,12.5
1/7/1982,14.1
1/8/1982,14.8
1/9/1982,16.2
1/10/1982,15.8
1/11/1982,19.1
1/12/1982,22.2
1/13/1982,15.9
1/14/1982,13
1/15/1982,14.1
1/16/1982,15.8
1/17/1982,24
1/18/1982,18
1/19/1982,19.7
1/20/1982,25.2
1/21/1982,20.5
1/22/1982,19.3
1/23/1982,15.8
1/24/1982,17
1/25/1982,18.4
1/26/1982,13.3
1/27/1982,14.6
1/28/1982,12.5
1/29/1982,17
1/30/1982,17.1
1/31/1982,14
2/1/1982,14.6
2/2/1982,13.3
2/3/1982,14.8
2/4/1982,15.1
2/5/1982,13.1
2/6/1982,13.6
2/7/1982,19.5
2/8/1982,22.7
2/9/1982,17.2
2/10/1982,13.5
2/11/1982,15.4
2/12/1982,17
2/13/1982,19.2
2/14/1982,22.8
2/15/1982,26.3
2/16/1982,18.2
2/17/1982,17
2/18/1982,14.8
2/19/1982,12.8
2/20/1982,15.5
2/21/1982,15.6
2/22/1982,13.1
2/23/1982,15.2
2/24/1982,14.1
2/25/1982,12.5
2/26/1982,14.6
2/27/1982,10.4
2/28/1982,13.9
3/1/1982,11.9
3/2/1982,13.5
3/3/1982,9.8
3/4/1982,14
3/5/1982,21.5
3/6/1982,19.5
3/7/1982,16.7
3/8/1982,19.1
3/9/1982,11
3/10/1982,9
3/11/1982,10
3/12/1982,14.6
3/13/1982,12.5
3/14/1982,17.2
3/15/1982,19.2
3/16/1982,22.2
3/17/1982,15.7
3/18/1982,14.2
3/19/1982,9.8
3/20/1982,14
3/21/1982,17.5
3/22/1982,20.7
3/23/1982,15.6
3/24/1982,13.2
3/25/1982,14.5
3/26/1982,16.8
3/27/1982,17.2
3/28/1982,13.4
3/29/1982,14.2
3/30/1982,14.3
3/31/1982,10.2
4/1/1982,10.4
4/2/1982,12.3
4/3/1982,11.9
4/4/1982,11.2
4/5/1982,8.5
4/6/1982,12
4/7/1982,12.4
4/8/1982,12.9
4/9/1982,10.1
4/10/1982,15
4/11/1982,13.6
4/12/1982,12.4
4/13/1982,13.6
4/14/1982,16.1
4/15/1982,19.5
4/16/1982,14.2
4/17/1982,9.3
4/18/1982,10.1
4/19/1982,7.4
4/20/1982,8.6
4/21/1982,7.8
4/22/1982,9.1
4/23/1982,13
4/24/1982,16.5
4/25/1982,12.9
4/26/1982,6.9
4/27/1982,6.9
4/28/1982,8.7
4/29/1982,10
4/30/1982,10.8
5/1/1982,7.5
5/2/1982,6.3
5/3/1982,11.9
5/4/1982,13.8
5/5/1982,11.8
5/6/1982,11
5/7/1982,10.1
5/8/1982,8.5
5/9/1982,5.5
5/10/1982,7.6
5/11/1982,8.7
5/12/1982,10.8
5/13/1982,11.2
5/14/1982,9.1
5/15/1982,3.7
5/16/1982,4.6
5/17/1982,6.6
5/18/1982,13.2
5/19/1982,15.2
5/20/1982,7.6
5/21/1982,8.4
5/22/1982,6
5/23/1982,8.3
5/24/1982,8.6
5/25/1982,11.1
5/26/1982,12.1
5/27/1982,12.9
5/28/1982,14
5/29/1982,12.5
5/30/1982,11.5
5/31/1982,7
6/1/1982,7.1
6/2/1982,9
6/3/1982,3.1
6/4/1982,2.5
6/5/1982,0
6/6/1982,1.6
6/7/1982,2.6
6/8/1982,5.7
6/9/1982,2.3
6/10/1982,4.5
6/11/1982,8.2
6/12/1982,6.9
6/13/1982,7.3
6/14/1982,6
6/15/1982,7.3
6/16/1982,7.6
6/17/1982,8
6/18/1982,8
6/19/1982,6.8
6/20/1982,7.3
6/21/1982,6.2
6/22/1982,6.9
6/23/1982,8.9
6/24/1982,4
6/25/1982,1.3
6/26/1982,0.8
6/27/1982,4.3
6/28/1982,7.3
6/29/1982,7.7
6/30/1982,9
7/1/1982,4.2
7/2/1982,1.6
7/3/1982,2.6
7/4/1982,3.4
7/5/1982,3.9
7/6/1982,7
7/7/1982,7.8
7/8/1982,5.3
7/9/1982,2.4
7/10/1982,2.8
7/11/1982,4
7/12/1982,7.5
7/13/1982,7.8
7/14/1982,5.6
7/15/1982,3.3
7/16/1982,5
7/17/1982,3.7
7/18/1982,3.9
7/19/1982,5.2
7/20/1982,?0.2
7/21/1982,?0.8
7/22/1982,0.9
7/23/1982,3.5
7/24/1982,6.6
7/25/1982,9.5
7/26/1982,9
7/27/1982,3.5
7/28/1982,4.5
7/29/1982,5.7
7/30/1982,5.6
7/31/1982,7.1
8/1/1982,9.7
8/2/1982,8.3
8/3/1982,9.1
8/4/1982,2.8
8/5/1982,2.2
8/6/1982,4.5
8/7/1982,3.8
8/8/1982,3.8
8/9/1982,6.2
8/10/1982,11.5
8/11/1982,10.2
8/12/1982,7.9
8/13/1982,9
8/14/1982,9.5
8/15/1982,6
8/16/1982,8.2
8/17/1982,9.2
8/18/1982,4.3
8/19/1982,6.6
8/20/1982,9.4
8/21/1982,13.2
8/22/1982,6.6
8/23/1982,5.1
8/24/1982,12.1
8/25/1982,11.2
8/26/1982,8.5
8/27/1982,4.6
8/28/1982,7
8/29/1982,14.2
8/30/1982,12.7
8/31/1982,7.6
9/1/1982,4
9/2/1982,10
9/3/1982,10.5
9/4/1982,5
9/5/1982,4.5
9/6/1982,8.2
9/7/1982,4.3
9/8/1982,9.8
9/9/1982,5.8
9/10/1982,5
9/11/1982,8.5
9/12/1982,9
9/13/1982,3.6
9/14/1982,6.7
9/15/1982,6.7
9/16/1982,10.1
9/17/1982,15
9/18/1982,8.9
9/19/1982,5.7
9/20/1982,4.2
9/21/1982,4
9/22/1982,5.3
9/23/1982,6.3
9/24/1982,8.5
9/25/1982,11.5
9/26/1982,7.7
9/27/1982,9.2
9/28/1982,7.8
9/29/1982,6.3
9/30/1982,6.3
10/1/1982,8.6
10/2/1982,6.1
10/3/1982,13.2
10/4/1982,9.9
10/5/1982,4.7
10/6/1982,5.8
10/7/1982,14.9
10/8/1982,10.7
10/9/1982,8.6
10/10/1982,9.4
10/11/1982,5.7
10/12/1982,10.9
10/13/1982,13.1
10/14/1982,10.4
10/15/1982,8.2
10/16/1982,9.8
10/17/1982,7.5
10/18/1982,5.8
10/19/1982,9.8
10/20/1982,7.9
10/21/1982,8.7
10/22/1982,10
10/23/1982,10.6
10/24/1982,8
10/25/1982,10.2
10/26/1982,15.1
10/27/1982,13.9
10/28/1982,9.2
10/29/1982,9
10/30/1982,13.2
10/31/1982,7
11/1/1982,10.6
11/2/1982,6.9
11/3/1982,9.5
11/4/1982,12.5
11/5/1982,13.6
11/6/1982,17.7
11/7/1982,16
11/8/1982,11.3
11/9/1982,10.5
11/10/1982,14.4
11/11/1982,10.3
11/12/1982,9
11/13/1982,11.1
11/14/1982,14.5
11/15/1982,18
11/16/1982,12.8
11/17/1982,10.7
11/18/1982,9.1
11/19/1982,8.7
11/20/1982,12.4
11/21/1982,12.6
11/22/1982,10.3
11/23/1982,13.7
11/24/1982,16
11/25/1982,15.8
11/26/1982,12.1
11/27/1982,12.5
11/28/1982,12.2
11/29/1982,13.7
11/30/1982,16.1
12/1/1982,15.5
12/2/1982,10.3
12/3/1982,10.5
12/4/1982,11
12/5/1982,11.9
12/6/1982,13
12/7/1982,12.2
12/8/1982,10.6
12/9/1982,13
12/10/1982,13
12/11/1982,12.2
12/12/1982,12.6
12/13/1982,18.7
12/14/1982,15.2
12/15/1982,15.3
12/16/1982,13.9
12/17/1982,15.8
12/18/1982,13
12/19/1982,13
12/20/1982,13.7
12/21/1982,12
12/22/1982,10.8
12/23/1982,15.6
12/24/1982,15.3
12/25/1982,13.9
12/26/1982,13
12/27/1982,15.3
12/28/1982,16.3
12/29/1982,15.8
12/30/1982,17.7
12/31/1982,16.3
1/1/1983,18.4
1/2/1983,15
1/3/1983,10.9
1/4/1983,11.4
1/5/1983,14.8
1/6/1983,12.1
1/7/1983,12.8
1/8/1983,16.2
1/9/1983,15.5
1/10/1983,13
1/11/1983,10.5
1/12/1983,9.1
1/13/1983,10.5
1/14/1983,11.8
1/15/1983,12.7
1/16/1983,12.7
1/17/1983,11.5
1/18/1983,13.8
1/19/1983,13.3
1/20/1983,11.6
1/21/1983,15.4
1/22/1983,12.4
1/23/1983,16.9
1/24/1983,14.7
1/25/1983,10.6
1/26/1983,15.6
1/27/1983,10.7
1/28/1983,12.6
1/29/1983,13.8
1/30/1983,14.3
1/31/1983,14
2/1/1983,18.1
2/2/1983,17.3
2/3/1983,13
2/4/1983,16
2/5/1983,14.9
2/6/1983,16.2
2/7/1983,20.3
2/8/1983,22.5
2/9/1983,17.2
2/10/1983,15.9
2/11/1983,16.8
2/12/1983,13.8
2/13/1983,12.8
2/14/1983,14
2/15/1983,17.5
2/16/1983,21.5
2/17/1983,16.8
2/18/1983,13.6
2/19/1983,14.5
2/20/1983,14.2
2/21/1983,15.7
2/22/1983,19.7
2/23/1983,17.4
2/24/1983,14.4
2/25/1983,16.9
2/26/1983,19.1
2/27/1983,20.4
2/28/1983,20.1
3/1/1983,19.9
3/2/1983,22
3/3/1983,20.5
3/4/1983,22.1
3/5/1983,20.6
3/6/1983,15
3/7/1983,20.6
3/8/1983,21.5
3/9/1983,16.2
3/10/1983,14.1
3/11/1983,14.5
3/12/1983,21.1
3/13/1983,15.9
3/14/1983,15.2
3/15/1983,13.1
3/16/1983,13.2
3/17/1983,12.5
3/18/1983,15.2
3/19/1983,17.6
3/20/1983,15.5
3/21/1983,16.7
3/22/1983,16.3
3/23/1983,15.1
3/24/1983,12.7
3/25/1983,10
3/26/1983,11.4
3/27/1983,12.6
3/28/1983,10.7
3/29/1983,10
3/30/1983,13.9
3/31/1983,13.4
4/1/1983,12.5
4/2/1983,12.8
4/3/1983,7.8
4/4/1983,11.1
4/5/1983,10.7
4/6/1983,7.1
4/7/1983,6.7
4/8/1983,5.7
4/9/1983,9.1
4/10/1983,15.2
4/11/1983,15.5
4/12/1983,11.1
4/13/1983,11.7
4/14/1983,11.5
4/15/1983,9.8
4/16/1983,6.2
4/17/1983,6.7
4/18/1983,7.5
4/19/1983,8.8
4/20/1983,8
4/21/1983,10.4
4/22/1983,14.5
4/23/1983,16.5
4/24/1983,14.1
4/25/1983,10.5
4/26/1983,12.6
4/27/1983,13
4/28/1983,8.7
4/29/1983,10.1
4/30/1983,12
5/1/1983,12.5
5/2/1983,13.5
5/3/1983,13.7
5/4/1983,13.5
5/5/1983,10.7
5/6/1983,13
5/7/1983,11.6
5/8/1983,13
5/9/1983,11.2
5/10/1983,13.5
5/11/1983,12.9
5/12/1983,6.8
5/13/1983,10
5/14/1983,14.5
5/15/1983,11.7
5/16/1983,6.7
5/17/1983,4.6
5/18/1983,4.9
5/19/1983,7.4
5/20/1983,8.3
5/21/1983,7.5
5/22/1983,6.2
5/23/1983,7.8
5/24/1983,13.2
5/25/1983,11.9
5/26/1983,6.5
5/27/1983,8.3
5/28/1983,12.1
5/29/1983,9.3
5/30/1983,7.5
5/31/1983,9.3
6/1/1983,11
6/2/1983,10.8
6/3/1983,5.3
6/4/1983,7.6
6/5/1983,5.6
6/6/1983,7.2
6/7/1983,9.6
6/8/1983,7
6/9/1983,8.3
6/10/1983,7.8
6/11/1983,4.7
6/12/1983,6.8
6/13/1983,7.2
6/14/1983,8.3
6/15/1983,9.5
6/16/1983,4.7
6/17/1983,3
6/18/1983,1.5
6/19/1983,2.5
6/20/1983,6.2
6/21/1983,11.6
6/22/1983,6.6
6/23/1983,6.6
6/24/1983,8
6/25/1983,7.9
6/26/1983,3.3
6/27/1983,3.9
6/28/1983,6
6/29/1983,4
6/30/1983,5.5
7/1/1983,8.5
7/2/1983,9.8
7/3/1983,9.5
7/4/1983,7.2
7/5/1983,8.1
7/6/1983,8
7/7/1983,8.5
7/8/1983,8.8
7/9/1983,8.3
7/10/1983,2.4
7/11/1983,4.9
7/12/1983,5.9
7/13/1983,6.7
7/14/1983,8.4
7/15/1983,6.5
7/16/1983,7.9
7/17/1983,4.1
7/18/1983,5.4
7/19/1983,7.5
7/20/1983,3.9
7/21/1983,2.5
7/22/1983,5.3
7/23/1983,6.6
7/24/1983,0
7/25/1983,0.7
7/26/1983,7.6
7/27/1983,12.3
7/28/1983,9.2
7/29/1983,9.6
7/30/1983,9.5
7/31/1983,10
8/1/1983,7.7
8/2/1983,8
8/3/1983,8.3
8/4/1983,8.3
8/5/1983,4.5
8/6/1983,6.5
8/7/1983,9.4
8/8/1983,9.4
8/9/1983,10.5
8/10/1983,10.7
8/11/1983,9.9
8/12/1983,7.6
8/13/1983,5.8
8/14/1983,8.5
8/15/1983,13.8
8/16/1983,14.3
8/17/1983,8.3
8/18/1983,5.3
8/19/1983,3
8/20/1983,5.2
8/21/1983,10.3
8/22/1983,11.1
8/23/1983,10.5
8/24/1983,9
8/25/1983,13
8/26/1983,6.4
8/27/1983,8.4
8/28/1983,6.7
8/29/1983,8.3
8/30/1983,11.2
8/31/1983,10
9/1/1983,10.1
9/2/1983,10.6
9/3/1983,10.9
9/4/1983,5.7
9/5/1983,9.5
9/6/1983,10.4
9/7/1983,11.1
9/8/1983,12.2
9/9/1983,10.6
9/10/1983,8.8
9/11/1983,9.2
9/12/1983,5.5
9/13/1983,7.1
9/14/1983,6.5
9/15/1983,4.3
9/16/1983,5
9/17/1983,11.2
9/18/1983,7.5
9/19/1983,12
9/20/1983,13.6
9/21/1983,8.3
9/22/1983,8.5
9/23/1983,12.9
9/24/1983,7.7
9/25/1983,7.6
9/26/1983,3.5
9/27/1983,10.4
9/28/1983,15.4
9/29/1983,10.6
9/30/1983,9.6
10/1/1983,9.3
10/2/1983,13.9
10/3/1983,7.7
10/4/1983,9.5
10/5/1983,7.6
10/6/1983,6.9
10/7/1983,6.8
10/8/1983,5.8
10/9/1983,6
10/10/1983,8.3
10/11/1983,9.1
10/12/1983,12.5
10/13/1983,13.2
10/14/1983,16.2
10/15/1983,12.5
10/16/1983,11.8
10/17/1983,10.6
10/18/1983,10
10/19/1983,12.2
10/20/1983,8.9
10/21/1983,10.3
10/22/1983,7.5
10/23/1983,11.6
10/24/1983,12.6
10/25/1983,12.9
10/26/1983,11.7
10/27/1983,14
10/28/1983,12.3
10/29/1983,9
10/30/1983,9.2
10/31/1983,9.8
11/1/1983,11.8
11/2/1983,10.6
11/3/1983,12.6
11/4/1983,11
11/5/1983,8.2
11/6/1983,7.5
11/7/1983,13.6
11/8/1983,14.8
11/9/1983,10.9
11/10/1983,7.7
11/11/1983,10.2
11/12/1983,10.8
11/13/1983,10.8
11/14/1983,12.5
11/15/1983,13.2
11/16/1983,8.7
11/17/1983,5.7
11/18/1983,9.8
11/19/1983,7.3
11/20/1983,10.8
11/21/1983,10
11/22/1983,16.2
11/23/1983,15
11/24/1983,14.5
11/25/1983,15.9
11/26/1983,14.9
11/27/1983,14.2
11/28/1983,15.8
11/29/1983,17.2
11/30/1983,17.6
12/1/1983,12.1
12/2/1983,11.4
12/3/1983,13
12/4/1983,13.2
12/5/1983,12
12/6/1983,15.3
12/7/1983,12.7
12/8/1983,12.1
12/9/1983,13.8
12/10/1983,10.9
12/11/1983,12
12/12/1983,16.5
12/13/1983,15
12/14/1983,11.2
12/15/1983,13.9
12/16/1983,15
12/17/1983,14.8
12/18/1983,15
12/19/1983,13.3
12/20/1983,20.4
12/21/1983,18
12/22/1983,12.2
12/23/1983,16.7
12/24/1983,13.8
12/25/1983,17.5
12/26/1983,15
12/27/1983,13.9
12/28/1983,11.1
12/29/1983,16.1
12/30/1983,20.4
12/31/1983,18
1/1/1984,19.5
1/2/1984,17.1
1/3/1984,17.1
1/4/1984,12
1/5/1984,11
1/6/1984,16.3
1/7/1984,16.1
1/8/1984,13
1/9/1984,13.4
1/10/1984,15.2
1/11/1984,12.5
1/12/1984,14.3
1/13/1984,16.5
1/14/1984,18.6
1/15/1984,18
1/16/1984,18.2
1/17/1984,11.4
1/18/1984,11.9
1/19/1984,12.2
1/20/1984,14.8
1/21/1984,13.1
1/22/1984,12.7
1/23/1984,10.5
1/24/1984,13.8
1/25/1984,18.8
1/26/1984,13.9
1/27/1984,11.2
1/28/1984,10.6
1/29/1984,14.7
1/30/1984,13.1
1/31/1984,12.1
2/1/1984,14.7
2/2/1984,11.1
2/3/1984,13
2/4/1984,15.6
2/5/1984,14.2
2/6/1984,15.5
2/7/1984,18
2/8/1984,15
2/9/1984,15.9
2/10/1984,15.5
2/11/1984,15.8
2/12/1984,16.6
2/13/1984,13.6
2/14/1984,13.8
2/15/1984,14.6
2/16/1984,15.6
2/17/1984,16.6
2/18/1984,14.3
2/19/1984,16.3
2/20/1984,18.9
2/21/1984,18.7
2/22/1984,14.5
2/23/1984,16.5
2/24/1984,14.1
2/25/1984,13.5
2/26/1984,11.7
2/27/1984,15.1
2/28/1984,11.2
2/29/1984,13.5
3/1/1984,12.6
3/2/1984,8.8
3/3/1984,10.5
3/4/1984,12.1
3/5/1984,14.5
3/6/1984,19.5
3/7/1984,14
3/8/1984,13.8
3/9/1984,10.5
3/10/1984,13.8
3/11/1984,11.4
3/12/1984,15.6
3/13/1984,11.1
3/14/1984,12.1
3/15/1984,14.2
3/16/1984,10.9
3/17/1984,14.2
3/18/1984,13.8
3/19/1984,15.1
3/20/1984,14
3/21/1984,12.1
3/22/1984,13.8
3/23/1984,16.6
3/24/1984,17.8
3/25/1984,9.4
3/26/1984,10.2
3/27/1984,7.4
3/28/1984,8.7
3/29/1984,14
3/30/1984,15.3
3/31/1984,11.1
4/1/1984,9.7
4/2/1984,10.3
4/3/1984,9.2
4/4/1984,8.2
4/5/1984,9.7
4/6/1984,12.4
4/7/1984,12.5
4/8/1984,9
4/9/1984,9.7
4/10/1984,10.1
4/11/1984,11.2
4/12/1984,12
4/13/1984,11.1
4/14/1984,10.8
4/15/1984,12.8
4/16/1984,9.8
4/17/1984,13.7
4/18/1984,11
4/19/1984,13.2
4/20/1984,13
4/21/1984,10.2
4/22/1984,13.2
4/23/1984,9.3
4/24/1984,11.1
4/25/1984,10.3
4/26/1984,8.7
4/27/1984,11.7
4/28/1984,12.5
4/29/1984,6.5
4/30/1984,9.6
5/1/1984,13.8
5/2/1984,14.7
5/3/1984,9.1
5/4/1984,4.8
5/5/1984,3.3
5/6/1984,3.5
5/7/1984,5.7
5/8/1984,5.5
5/9/1984,7
5/10/1984,9.5
5/11/1984,9.9
5/12/1984,4.9
5/13/1984,6.3
5/14/1984,4.8
5/15/1984,6.2
5/16/1984,7.1
5/17/1984,7.5
5/18/1984,9.4
5/19/1984,8.7
5/20/1984,9.5
5/21/1984,12.1
5/22/1984,9.5
5/23/1984,9.3
5/24/1984,8.5
5/25/1984,8
5/26/1984,9.8
5/27/1984,6.2
5/28/1984,7.3
5/29/1984,10.9
5/30/1984,10
5/31/1984,8.7
6/1/1984,9
6/2/1984,10.8
6/3/1984,12.4
6/4/1984,7.2
6/5/1984,7.2
6/6/1984,11.1
6/7/1984,9.3
6/8/1984,10.1
6/9/1984,3.9
6/10/1984,5
6/11/1984,8.2
6/12/1984,2.8
6/13/1984,4.3
6/14/1984,8.1
6/15/1984,11.1
6/16/1984,4.7
6/17/1984,5.3
6/18/1984,10
6/19/1984,5.6
6/20/1984,2.2
6/21/1984,7.1
6/22/1984,8.3
6/23/1984,8.6
6/24/1984,10.1
6/25/1984,8.3
6/26/1984,7.2
6/27/1984,7.7
6/28/1984,7.8
6/29/1984,9.1
6/30/1984,9.4
7/1/1984,7.8
7/2/1984,2.6
7/3/1984,2.4
7/4/1984,3.9
7/5/1984,1.3
7/6/1984,2.1
7/7/1984,7.4
7/8/1984,7.2
7/9/1984,8.8
7/10/1984,8.9
7/11/1984,8.8
7/12/1984,8
7/13/1984,0.7
7/14/1984,?0.1
7/15/1984,0.9
7/16/1984,7.8
7/17/1984,7.2
7/18/1984,8
7/19/1984,4.6
7/20/1984,5.2
7/21/1984,5.8
7/22/1984,6.8
7/23/1984,8.1
7/24/1984,7.5
7/25/1984,5.4
7/26/1984,4.6
7/27/1984,6.4
7/28/1984,9.7
7/29/1984,7
7/30/1984,10
7/31/1984,10.6
8/1/1984,11.5
8/2/1984,10.2
8/3/1984,11.1
8/4/1984,11
8/5/1984,8.9
8/6/1984,9.9
8/7/1984,11.7
8/8/1984,11.6
8/9/1984,9
8/10/1984,6.3
8/11/1984,8.7
8/12/1984,8.5
8/13/1984,8.5
8/14/1984,8
8/15/1984,6
8/16/1984,8
8/17/1984,8.5
8/18/1984,7.7
8/19/1984,8.4
8/20/1984,9
8/21/1984,8.3
8/22/1984,6.8
8/23/1984,9.3
8/24/1984,6.7
8/25/1984,9
8/26/1984,7.3
8/27/1984,6.3
8/28/1984,7.9
8/29/1984,5.2
8/30/1984,9
8/31/1984,11.3
9/1/1984,9.2
9/2/1984,11.3
9/3/1984,7
9/4/1984,8
9/5/1984,4.6
9/6/1984,8.5
9/7/1984,9.5
9/8/1984,9.4
9/9/1984,10.5
9/10/1984,9.7
9/11/1984,4.9
9/12/1984,8
9/13/1984,5.8
9/14/1984,5.5
9/15/1984,10.9
9/16/1984,11.7
9/17/1984,9.2
9/18/1984,8.9
9/19/1984,11.3
9/20/1984,8.6
9/21/1984,6.2
9/22/1984,6.6
9/23/1984,9.1
9/24/1984,6.1
9/25/1984,7.5
9/26/1984,10.7
9/27/1984,6.3
9/28/1984,5.5
9/29/1984,6.7
9/30/1984,4.2
10/1/1984,11.3
10/2/1984,16.3
10/3/1984,10.5
10/4/1984,10.3
10/5/1984,7.9
10/6/1984,7.7
10/7/1984,16
10/8/1984,14.6
10/9/1984,12.5
10/10/1984,8.1
10/11/1984,12.2
10/12/1984,17.2
10/13/1984,9.4
10/14/1984,8.7
10/15/1984,5.9
10/16/1984,4.8
10/17/1984,7.4
10/18/1984,9.4
10/19/1984,9.7
10/20/1984,9.9
10/21/1984,6.5
10/22/1984,9.8
10/23/1984,18.2
10/24/1984,11.3
10/25/1984,9.1
10/26/1984,9.6
10/27/1984,13.5
10/28/1984,10.7
10/29/1984,10
10/30/1984,8.5
10/31/1984,12.6
11/1/1984,16.6
11/2/1984,11.6
11/3/1984,12.2
11/4/1984,11.2
11/5/1984,9.2
11/6/1984,9.9
11/7/1984,11.9
11/8/1984,15.6
11/9/1984,19
11/10/1984,12.8
11/11/1984,12.2
11/12/1984,12
11/13/1984,11.1
11/14/1984,11.8
11/15/1984,7.6
11/16/1984,13
11/17/1984,12.7
11/18/1984,16
11/19/1984,14.8
11/20/1984,14.2
11/21/1984,10
11/22/1984,8.8
11/23/1984,11.6
11/24/1984,8.6
11/25/1984,14.6
11/26/1984,24.3
11/27/1984,11.6
11/28/1984,10.8
11/29/1984,12
11/30/1984,11
12/1/1984,12.6
12/2/1984,10.8
12/3/1984,9.1
12/4/1984,11
12/5/1984,13
12/6/1984,12.8
12/7/1984,9.9
12/8/1984,11.6
12/9/1984,10.5
12/10/1984,15.9
12/11/1984,12.2
12/12/1984,13
12/13/1984,12.5
12/14/1984,12.5
12/15/1984,11.4
12/16/1984,12.1
12/17/1984,16.8
12/18/1984,12.1
12/19/1984,11.3
12/20/1984,10.4
12/21/1984,14.2
12/22/1984,11.4
12/23/1984,13.7
12/24/1984,16.5
12/25/1984,12.8
12/26/1984,12.2
12/27/1984,12
12/28/1984,12.6
12/29/1984,16
12/30/1984,16.4
1/1/1985,13.3
1/2/1985,15.2
1/3/1985,13.1
1/4/1985,12.7
1/5/1985,14.6
1/6/1985,11
1/7/1985,13.2
1/8/1985,12.2
1/9/1985,14.4
1/10/1985,13.7
1/11/1985,14.5
1/12/1985,14.1
1/13/1985,14.4
1/14/1985,19.7
1/15/1985,16.5
1/16/1985,15.9
1/17/1985,11.8
1/18/1985,12
1/19/1985,11.4
1/20/1985,14.4
1/21/1985,12.4
1/22/1985,15.1
1/23/1985,15.6
1/24/1985,15.2
1/25/1985,12.8
1/26/1985,13.3
1/27/1985,17.5
1/28/1985,15.4
1/29/1985,13.5
1/30/1985,16.7
1/31/1985,15.2
2/1/1985,14.9
2/2/1985,10.2
2/3/1985,13.6
2/4/1985,19
2/5/1985,15.7
2/6/1985,18
2/7/1985,14.8
2/8/1985,13.9
2/9/1985,13
2/10/1985,15.3
2/11/1985,14.3
2/12/1985,15.6
2/13/1985,16
2/14/1985,14.9
2/15/1985,11.1
2/16/1985,14.8
2/17/1985,13
2/18/1985,12.2
2/19/1985,10.9
2/20/1985,14.6
2/21/1985,16.6
2/22/1985,18.1
2/23/1985,13.4
2/24/1985,10.3
2/25/1985,13.6
2/26/1985,13.8
2/27/1985,10.3
2/28/1985,11
3/1/1985,14.3
3/2/1985,15.5
3/3/1985,14.7
3/4/1985,12.7
3/5/1985,10.7
3/6/1985,12.6
3/7/1985,9.8
3/8/1985,13.2
3/9/1985,15.2
3/10/1985,16.6
3/11/1985,21
3/12/1985,22.4
3/13/1985,17
3/14/1985,21.7
3/15/1985,21.4
3/16/1985,18.6
3/17/1985,16.2
3/18/1985,16.8
3/19/1985,17
3/20/1985,18.4
3/21/1985,17.2
3/22/1985,18.4
3/23/1985,18.8
3/24/1985,16.5
3/25/1985,13.3
3/26/1985,12.2
3/27/1985,11.3
3/28/1985,13.8
3/29/1985,16.6
3/30/1985,14
3/31/1985,14.3
4/1/1985,16.4
4/2/1985,11.9
4/3/1985,15.7
4/4/1985,17.6
4/5/1985,17.5
4/6/1985,15.9
4/7/1985,16.2
4/8/1985,16
4/9/1985,15.9
4/10/1985,16.2
4/11/1985,16.2
4/12/1985,19.5
4/13/1985,18.2
4/14/1985,21.8
4/15/1985,15.1
4/16/1985,11
4/17/1985,8.1
4/18/1985,9.5
4/19/1985,9.3
4/20/1985,10.6
4/21/1985,6.3
4/22/1985,8.6
4/23/1985,6.8
4/24/1985,8.7
4/25/1985,8.4
4/26/1985,9.3
4/27/1985,10
4/28/1985,10.5
4/29/1985,12
4/30/1985,10.1
5/1/1985,9.4
5/2/1985,10.1
5/3/1985,8
5/4/1985,10.6
5/5/1985,13.6
5/6/1985,15.4
5/7/1985,9
5/8/1985,10.4
5/9/1985,11
5/10/1985,12.1
5/11/1985,13.4
5/12/1985,11.3
5/13/1985,6.7
5/14/1985,9.8
5/15/1985,10.8
5/16/1985,7.8
5/17/1985,4.5
5/18/1985,7.6
5/19/1985,6.9
5/20/1985,7.5
5/21/1985,8.5
5/22/1985,5.5
5/23/1985,9.5
5/24/1985,7.3
5/25/1985,5.4
5/26/1985,5.5
5/27/1985,8.1
5/28/1985,11.2
5/29/1985,13.4
5/30/1985,11.6
5/31/1985,10.1
6/1/1985,4.3
6/2/1985,5.5
6/3/1985,4.4
6/4/1985,5.9
6/5/1985,5.7
6/6/1985,8.2
6/7/1985,8.2
6/8/1985,4.2
6/9/1985,6.5
6/10/1985,10
6/11/1985,8.8
6/12/1985,6.6
6/13/1985,7.8
6/14/1985,10.1
6/15/1985,7.1
6/16/1985,7.7
6/17/1985,8.5
6/18/1985,7.3
6/19/1985,6.9
6/20/1985,8.4
6/21/1985,7.1
6/22/1985,6.3
6/23/1985,0.6
6/24/1985,1.6
6/25/1985,7
6/26/1985,8.3
6/27/1985,8
6/28/1985,10.2
6/29/1985,10.6
6/30/1985,10.4
7/1/1985,11.6
7/2/1985,11
7/3/1985,10.7
7/4/1985,7.3
7/5/1985,4.2
7/6/1985,4.7
7/7/1985,5.6
7/8/1985,7.7
7/9/1985,7.5
7/10/1985,4.9
7/11/1985,5.9
7/12/1985,7.8
7/13/1985,5.8
7/14/1985,7
7/15/1985,8.4
7/16/1985,6.2
7/17/1985,7.5
7/18/1985,4.8
7/19/1985,3.3
7/20/1985,3.2
7/21/1985,7
7/22/1985,8.4
7/23/1985,0.3
7/24/1985,0.3
7/25/1985,2.1
7/26/1985,8.5
7/27/1985,1.4
7/28/1985,4.1
7/29/1985,10.3
7/30/1985,6.6
7/31/1985,6.1
8/1/1985,7
8/2/1985,5.1
8/3/1985,6.3
8/4/1985,6.9
8/5/1985,11.4
8/6/1985,10.4
8/7/1985,10.3
8/8/1985,9.2
8/9/1985,7.2
8/10/1985,7.5
8/11/1985,4
8/12/1985,5.6
8/13/1985,6.7
8/14/1985,8.4
8/15/1985,11
8/16/1985,8.4
8/17/1985,8.8
8/18/1985,8.6
8/19/1985,8.3
8/20/1985,4
8/21/1985,3.6
8/22/1985,5.7
8/23/1985,10.6
8/24/1985,6.9
8/25/1985,10
8/26/1985,9.8
8/27/1985,7.2
8/28/1985,10.5
8/29/1985,3.6
8/30/1985,5.3
8/31/1985,8.4
9/1/1985,10.3
9/2/1985,7.9
9/3/1985,8.5
9/4/1985,7.9
9/5/1985,8
9/6/1985,9.8
9/7/1985,6.7
9/8/1985,4.8
9/9/1985,9.9
9/10/1985,12.8
9/11/1985,10.9
9/12/1985,11.7
9/13/1985,11.7
9/14/1985,11
9/15/1985,8.2
9/16/1985,7.5
9/17/1985,5.4
9/18/1985,7.2
9/19/1985,9.7
9/20/1985,8.4
9/21/1985,9
9/22/1985,8.7
9/23/1985,6.6
9/24/1985,11.6
9/25/1985,13.1
9/26/1985,6.7
9/27/1985,6.5
9/28/1985,7.7
9/29/1985,8.7
9/30/1985,7.2
10/1/1985,10.5
10/2/1985,8.6
10/3/1985,7.2
10/4/1985,11.4
10/5/1985,16.2
10/6/1985,6.1
10/7/1985,9.6
10/8/1985,11.1
10/9/1985,13.6
10/10/1985,10.7
10/11/1985,14.7
10/12/1985,11.6
10/13/1985,7.3
10/14/1985,8
10/15/1985,9.6
10/16/1985,16
10/17/1985,15.1
10/18/1985,12.8
10/19/1985,6.2
10/20/1985,7.1
10/21/1985,8.4
10/22/1985,10
10/23/1985,12.7
10/24/1985,10
10/25/1985,10.2
10/26/1985,6.5
10/27/1985,9.2
10/28/1985,11.9
10/29/1985,14.7
10/30/1985,11.4
10/31/1985,6.8
11/1/1985,7.4
11/2/1985,11.2
11/3/1985,9.2
11/4/1985,12.6
11/5/1985,16
11/6/1985,17.1
11/7/1985,15.3
11/8/1985,13.3
11/9/1985,15.4
11/10/1985,13.2
11/11/1985,14.4
11/12/1985,14
11/13/1985,15.5
11/14/1985,21
11/15/1985,10
11/16/1985,9.6
11/17/1985,12
11/18/1985,12.2
11/19/1985,11.3
11/20/1985,13.2
11/21/1985,10.5
11/22/1985,10.1
11/23/1985,8.8
11/24/1985,13.7
11/25/1985,16.2
11/26/1985,16
11/27/1985,14
11/28/1985,13.7
11/29/1985,12.5
11/30/1985,12.8
12/1/1985,12.3
12/2/1985,15.2
12/3/1985,15
12/4/1985,16.4
12/5/1985,16.1
12/6/1985,14.6
12/7/1985,18.2
12/8/1985,16.4
12/9/1985,16.6
12/10/1985,14.7
12/11/1985,15.8
12/12/1985,14.1
12/13/1985,13.5
12/14/1985,13.6
12/15/1985,13.7
12/16/1985,13.6
12/17/1985,12.1
12/18/1985,12.7
12/19/1985,13.3
12/20/1985,14.2
12/21/1985,15
12/22/1985,13.7
12/23/1985,12
12/24/1985,13.1
12/25/1985,13.2
12/26/1985,13.3
12/27/1985,11.5
12/28/1985,10.8
12/29/1985,12
12/30/1985,16.3
12/31/1985,14.4
1/1/1986,12.9
1/2/1986,13.8
1/3/1986,10.6
1/4/1986,12.6
1/5/1986,13.7
1/6/1986,12.6
1/7/1986,13.1
1/8/1986,15.4
1/9/1986,11.9
1/10/1986,13.8
1/11/1986,14.4
1/12/1986,15.2
1/13/1986,12.5
1/14/1986,12.2
1/15/1986,16.1
1/16/1986,14.6
1/17/1986,11.6
1/18/1986,13.1
1/19/1986,12.8
1/20/1986,15.2
1/21/1986,13.8
1/22/1986,15
1/23/1986,13.5
1/24/1986,11.8
1/25/1986,15.3
1/26/1986,13.5
1/27/1986,15.3
1/28/1986,13.8
1/29/1986,15.8
1/30/1986,17.4
1/31/1986,15.3
2/1/1986,14.6
2/2/1986,14.8
2/3/1986,10.7
2/4/1986,11.6
2/5/1986,13.6
2/6/1986,14.4
2/7/1986,11.8
2/8/1986,15.8
2/9/1986,16
2/10/1986,11.8
2/11/1986,14.5
2/12/1986,10.7
2/13/1986,14.2
2/14/1986,19.5
2/15/1986,21.4
2/16/1986,17.9
2/17/1986,17.4
2/18/1986,12.7
2/19/1986,13.8
2/20/1986,14
2/21/1986,15
2/22/1986,14.5
2/23/1986,13.1
2/24/1986,11.4
2/25/1986,12.5
2/26/1986,12
2/27/1986,13.4
2/28/1986,14.4
3/1/1986,17.7
3/2/1986,13.9
3/3/1986,13.3
3/4/1986,14.6
3/5/1986,16.4
3/6/1986,16.8
3/7/1986,20
3/8/1986,12.5
3/9/1986,12.7
3/10/1986,11.7
3/11/1986,12.7
3/12/1986,8.6
3/13/1986,11.9
3/14/1986,16
3/15/1986,15.2
3/16/1986,13.4
3/17/1986,11.6
3/18/1986,11.1
3/19/1986,15.6
3/20/1986,17
3/21/1986,18.5
3/22/1986,17.4
3/23/1986,16.5
3/24/1986,16.2
3/25/1986,16.1
3/26/1986,13.2
3/27/1986,18
3/28/1986,12.8
3/29/1986,11.7
3/30/1986,16.7
3/31/1986,15.6
4/1/1986,10.2
4/2/1986,10.3
4/3/1986,15
4/4/1986,18
4/5/1986,13.8
4/6/1986,10.5
4/7/1986,11.8
4/8/1986,7.2
4/9/1986,11.6
4/10/1986,7.4
4/11/1986,14.2
4/12/1986,12.2
4/13/1986,9
4/14/1986,12.3
4/15/1986,19.7
4/16/1986,12.8
4/17/1986,12.4
4/18/1986,12
4/19/1986,12
4/20/1986,11.1
4/21/1986,12.7
4/22/1986,14.2
4/23/1986,11.6
4/24/1986,12
4/25/1986,11.5
4/26/1986,8.3
4/27/1986,10.5
4/28/1986,9
4/29/1986,6.9
4/30/1986,9.4
5/1/1986,11.1
5/2/1986,9.1
5/3/1986,7.7
5/4/1986,10
5/5/1986,10.4
5/6/1986,8
5/7/1986,9.8
5/8/1986,12.4
5/9/1986,12.9
5/10/1986,12.3
5/11/1986,6.9
5/12/1986,10.5
5/13/1986,11
5/14/1986,9.7
5/15/1986,11.1
5/16/1986,11.5
5/17/1986,13.4
5/18/1986,10.9
5/19/1986,12
5/20/1986,12.1
5/21/1986,10.4
5/22/1986,10
5/23/1986,9.6
5/24/1986,11.3
5/25/1986,8.5
5/26/1986,6.3
5/27/1986,8.2
5/28/1986,10.7
5/29/1986,10.3
5/30/1986,9.5
5/31/1986,10.9
6/1/1986,10.9
6/2/1986,4.3
6/3/1986,5.2
6/4/1986,11
6/5/1986,11.6
6/6/1986,10.6
6/7/1986,9.4
6/8/1986,10
6/9/1986,9.6
6/10/1986,9.5
6/11/1986,9.7
6/12/1986,9.6
6/13/1986,7
6/14/1986,7
6/15/1986,6.8
6/16/1986,6.9
6/17/1986,8
6/18/1986,7.6
6/19/1986,8.6
6/20/1986,5.7
6/21/1986,5.5
6/22/1986,5.7
6/23/1986,5.7
6/24/1986,6.6
6/25/1986,6
6/26/1986,6.9
6/27/1986,7.7
6/28/1986,8
6/29/1986,3.9
6/30/1986,0.8
7/1/1986,2.8
7/2/1986,8
7/3/1986,9.8
7/4/1986,11.4
7/5/1986,8.6
7/6/1986,5.2
7/7/1986,6.6
7/8/1986,5.7
7/9/1986,4.6
7/10/1986,5.8
7/11/1986,7
7/12/1986,4.8
7/13/1986,4.4
7/14/1986,4.4
7/15/1986,7.9
7/16/1986,10.6
7/17/1986,5
7/18/1986,7.6
7/19/1986,9.2
7/20/1986,9.7
7/21/1986,8.8
7/22/1986,6.8
7/23/1986,9.4
7/24/1986,11
7/25/1986,2.5
7/26/1986,2.1
7/27/1986,5.4
7/28/1986,6.2
7/29/1986,7.8
7/30/1986,7.4
7/31/1986,9.3
8/1/1986,9.3
8/2/1986,9.5
8/3/1986,8.5
8/4/1986,10
8/5/1986,7.7
8/6/1986,9.3
8/7/1986,9.1
8/8/1986,3.5
8/9/1986,3.6
8/10/1986,2.5
8/11/1986,1.7
8/12/1986,2.7
8/13/1986,2.9
8/14/1986,5.3
8/15/1986,7.7
8/16/1986,9.1
8/17/1986,9.4
8/18/1986,7.3
8/19/1986,8.4
8/20/1986,9.2
8/21/1986,6.6
8/22/1986,9.7
8/23/1986,12.4
8/24/1986,10.2
8/25/1986,5.9
8/26/1986,7.1
8/27/1986,7.5
8/28/1986,9.7
8/29/1986,12.2
8/30/1986,5.6
8/31/1986,5.4
9/1/1986,8.3
9/2/1986,10.6
9/3/1986,9.1
9/4/1986,11.3
9/5/1986,10.9
9/6/1986,8.9
9/7/1986,6.3
9/8/1986,9
9/9/1986,6.1
9/10/1986,9.1
9/11/1986,9.6
9/12/1986,6
9/13/1986,10
9/14/1986,11
9/15/1986,6.2
9/16/1986,8.3
9/17/1986,11.3
9/18/1986,11.3
9/19/1986,6.7
9/20/1986,6.6
9/21/1986,11.4
9/22/1986,6.9
9/23/1986,10.6
9/24/1986,8.6
9/25/1986,11.3
9/26/1986,12.5
9/27/1986,9.9
9/28/1986,6.9
9/29/1986,5.5
9/30/1986,7.8
10/1/1986,11
10/2/1986,16.2
10/3/1986,9.9
10/4/1986,8.7
10/5/1986,10.5
10/6/1986,12.2
10/7/1986,10.6
10/8/1986,8.3
10/9/1986,5.5
10/10/1986,9
10/11/1986,6.4
10/12/1986,7.2
10/13/1986,12.9
10/14/1986,12
10/15/1986,7.3
10/16/1986,9.7
10/17/1986,8.4
10/18/1986,14.7
10/19/1986,9.5
10/20/1986,7.9
10/21/1986,6.8
10/22/1986,12.6
10/23/1986,5.2
10/24/1986,7.5
10/25/1986,8.7
10/26/1986,7.6
10/27/1986,9
10/28/1986,7.2
10/29/1986,10.7
10/30/1986,13.1
10/31/1986,13.9
11/1/1986,10.8
11/2/1986,10.4
11/3/1986,9.1
11/4/1986,16
11/5/1986,21
11/6/1986,16.2
11/7/1986,8.6
11/8/1986,9.2
11/9/1986,12.5
11/10/1986,9.7
11/11/1986,12.5
11/12/1986,10.3
11/13/1986,12
11/14/1986,11
11/15/1986,14.8
11/16/1986,15
11/17/1986,15.3
11/18/1986,10.3
11/19/1986,10.7
11/20/1986,10.5
11/21/1986,8.9
11/22/1986,8.1
11/23/1986,11.5
11/24/1986,12.8
11/25/1986,9.1
11/26/1986,14.6
11/27/1986,11.6
11/28/1986,11.2
11/29/1986,12.6
11/30/1986,7.5
12/1/1986,11
12/2/1986,14.5
12/3/1986,18.5
12/4/1986,15.4
12/5/1986,13.1
12/6/1986,16.3
12/7/1986,20.2
12/8/1986,11.5
12/9/1986,12.4
12/10/1986,10.9
12/11/1986,12.7
12/12/1986,12.2
12/13/1986,12.4
12/14/1986,9.8
12/15/1986,8.5
12/16/1986,14.7
12/17/1986,12
12/18/1986,10.3
12/19/1986,11
12/20/1986,10.2
12/21/1986,12.6
12/22/1986,11.6
12/23/1986,9.7
12/24/1986,13.4
12/25/1986,10.5
12/26/1986,14.7
12/27/1986,14.6
12/28/1986,14.2
12/29/1986,13.2
12/30/1986,11.7
12/31/1986,17.2
1/1/1987,12.3
1/2/1987,13.8
1/3/1987,15.3
1/4/1987,15.6
1/5/1987,16.2
1/6/1987,16.3
1/7/1987,16.8
1/8/1987,11
1/9/1987,8.5
1/10/1987,13.2
1/11/1987,13
1/12/1987,12.4
1/13/1987,13
1/14/1987,16.6
1/15/1987,12
1/16/1987,12.4
1/17/1987,15
1/18/1987,11.8
1/19/1987,11.6
1/20/1987,12.2
1/21/1987,13.7
1/22/1987,11.2
1/23/1987,12.4
1/24/1987,11.5
1/25/1987,13.8
1/26/1987,15.7
1/27/1987,12.9
1/28/1987,11.5
1/29/1987,11
1/30/1987,12.7
1/31/1987,14.9
2/1/1987,16.5
2/2/1987,12.8
2/3/1987,12.7
2/4/1987,12.7
2/5/1987,11.6
2/6/1987,13.3
2/7/1987,15.2
2/8/1987,16.4
2/9/1987,11.9
2/10/1987,15.1
2/11/1987,10.6
2/12/1987,13.6
2/13/1987,12.1
2/14/1987,16
2/15/1987,16.8
2/16/1987,16.6
2/17/1987,15.6
2/18/1987,15.2
2/19/1987,17.7
2/20/1987,21
2/21/1987,13.4
2/22/1987,10.5
2/23/1987,9.5
2/24/1987,12
2/25/1987,10.4
2/26/1987,11.5
2/27/1987,13.2
2/28/1987,15
3/1/1987,14.1
3/2/1987,12.4
3/3/1987,13.4
3/4/1987,12.5
3/5/1987,14.3
3/6/1987,17.6
3/7/1987,10.4
3/8/1987,9.9
3/9/1987,10.2
3/10/1987,11.3
3/11/1987,9.5
3/12/1987,11.8
3/13/1987,11.5
3/14/1987,10.5
3/15/1987,10.8
3/16/1987,13
3/17/1987,18.5
3/18/1987,18.7
3/19/1987,15
3/20/1987,13
3/21/1987,11.3
3/22/1987,13
3/23/1987,13.3
3/24/1987,11
3/25/1987,10.3
3/26/1987,13
3/27/1987,12.3
3/28/1987,15.6
3/29/1987,10.2
3/30/1987,10.8
3/31/1987,12
4/1/1987,13.3
4/2/1987,11.7
4/3/1987,12.5
4/4/1987,13.7
4/5/1987,14.9
4/6/1987,20.2
4/7/1987,16.3
4/8/1987,13.9
4/9/1987,10.1
4/10/1987,7.3
4/11/1987,14
4/12/1987,17.7
4/13/1987,16.3
4/14/1987,10.6
4/15/1987,9.7
4/16/1987,7.8
4/17/1987,10.4
4/18/1987,10.4
4/19/1987,14.1
4/20/1987,7.1
4/21/1987,8.1
4/22/1987,7.8
4/23/1987,10.6
4/24/1987,9.1
4/25/1987,9
4/26/1987,11.9
4/27/1987,17.1
4/28/1987,16.8
4/29/1987,13.5
4/30/1987,11.6
5/1/1987,7
5/2/1987,9.7
5/3/1987,9.9
5/4/1987,11.2
5/5/1987,11.3
5/6/1987,11.8
5/7/1987,9.9
5/8/1987,7.1
5/9/1987,9.6
5/10/1987,9.8
5/11/1987,10.6
5/12/1987,12.8
5/13/1987,16.5
5/14/1987,11.7
5/15/1987,12.3
5/16/1987,12.2
5/17/1987,11.8
5/18/1987,10.7
5/19/1987,10.2
5/20/1987,10
5/21/1987,8.3
5/22/1987,6.6
5/23/1987,9.5
5/24/1987,12.3
5/25/1987,7.6
5/26/1987,9.3
5/27/1987,5
5/28/1987,4.3
5/29/1987,6.4
5/30/1987,10.8
5/31/1987,7.8
6/1/1987,8.5
6/2/1987,9.7
6/3/1987,10
6/4/1987,11
6/5/1987,10.2
6/6/1987,6.6
6/7/1987,6.1
6/8/1987,5.9
6/9/1987,8.9
6/10/1987,13
6/11/1987,12.6
6/12/1987,5.4
6/13/1987,6
6/14/1987,7.8
6/15/1987,9
6/16/1987,4.2
6/17/1987,3
6/18/1987,4.5
6/19/1987,6.2
6/20/1987,11.9
6/21/1987,11.8
6/22/1987,9.4
6/23/1987,9.6
6/24/1987,9.4
6/25/1987,7
6/26/1987,8.9
6/27/1987,9.3
6/28/1987,6.8
6/29/1987,7.5
6/30/1987,8
7/1/1987,8.3
7/2/1987,2.7
7/3/1987,3.9
7/4/1987,4.1
7/5/1987,5
7/6/1987,5.8
7/7/1987,4.4
7/8/1987,4.1
7/9/1987,5.8
7/10/1987,9.1
7/11/1987,7.9
7/12/1987,5
7/13/1987,2.8
7/14/1987,4.7
7/15/1987,8.9
7/16/1987,5.4
7/17/1987,7.1
7/18/1987,9
7/19/1987,9.4
7/20/1987,6.3
7/21/1987,7
7/22/1987,6.4
7/23/1987,6.7
7/24/1987,1.5
7/25/1987,2.9
7/26/1987,4.8
7/27/1987,6.3
7/28/1987,5.7
7/29/1987,7
7/30/1987,8.8
7/31/1987,8.7
8/1/1987,9
8/2/1987,9.6
8/3/1987,8
8/4/1987,8.4
8/5/1987,8.1
8/6/1987,9
8/7/1987,5.3
8/8/1987,8.9
8/9/1987,8.7
8/10/1987,4.9
8/11/1987,7
8/12/1987,7.5
8/13/1987,7
8/14/1987,9.1
8/15/1987,11.8
8/16/1987,9.9
8/17/1987,5.6
8/18/1987,4.2
8/19/1987,4.3
8/20/1987,8
8/21/1987,5.1
8/22/1987,9.4
8/23/1987,9.1
8/24/1987,9.7
8/25/1987,10.6
8/26/1987,8.6
8/27/1987,10.1
8/28/1987,11
8/29/1987,9.7
8/30/1987,5
8/31/1987,6.1
9/1/1987,5.4
9/2/1987,5.8
9/3/1987,7.3
9/4/1987,6.3
9/5/1987,4.8
9/6/1987,7.6
9/7/1987,8.1
9/8/1987,9.5
9/9/1987,10.3
9/10/1987,7
9/11/1987,9
9/12/1987,10.2
9/13/1987,6.8
9/14/1987,9.3
9/15/1987,9.8
9/16/1987,10.7
9/17/1987,7.8
9/18/1987,9.2
9/19/1987,15
9/20/1987,7.8
9/21/1987,5.3
9/22/1987,9.5
9/23/1987,7.6
9/24/1987,14
9/25/1987,14.9
9/26/1987,14.9
9/27/1987,19.2
9/28/1987,17
9/29/1987,13
9/30/1987,11.2
10/1/1987,9.5
10/2/1987,10.3
10/3/1987,9.3
10/4/1987,11.3
10/5/1987,6.5
10/6/1987,12
10/7/1987,8.3
10/8/1987,8.7
10/9/1987,8.7
10/10/1987,10.2
10/11/1987,6.9
10/12/1987,4.9
10/13/1987,10
10/14/1987,7.6
10/15/1987,14.5
10/16/1987,13.2
10/17/1987,9.9
10/18/1987,10.1
10/19/1987,11.3
10/20/1987,10.4
10/21/1987,10.9
10/22/1987,9.2
10/23/1987,10.5
10/24/1987,11.4
10/25/1987,13.5
10/26/1987,9.8
10/27/1987,13.1
10/28/1987,9.7
10/29/1987,11.4
10/30/1987,9.9
10/31/1987,14.4
11/1/1987,19
11/2/1987,23
11/3/1987,15.4
11/4/1987,9.6
11/5/1987,10.8
11/6/1987,12.1
11/7/1987,11
11/8/1987,12.6
11/9/1987,14.7
11/10/1987,11.1
11/11/1987,10.1
11/12/1987,11.4
11/13/1987,13
11/14/1987,11.9
11/15/1987,9.5
11/16/1987,13.5
11/17/1987,15.2
11/18/1987,18.4
11/19/1987,24.1
11/20/1987,14.1
11/21/1987,10.7
11/22/1987,8.7
11/23/1987,13.3
11/24/1987,11.6
11/25/1987,9.9
11/26/1987,10.8
11/27/1987,11.5
11/28/1987,10
11/29/1987,13.9
11/30/1987,13.6
12/1/1987,11.9
12/2/1987,11.1
12/3/1987,8.2
12/4/1987,9.4
12/5/1987,12.7
12/6/1987,11.6
12/7/1987,11
12/8/1987,11.3
12/9/1987,13.4
12/10/1987,14.9
12/11/1987,15.2
12/12/1987,13.9
12/13/1987,15
12/14/1987,16.2
12/15/1987,17.7
12/16/1987,20.5
12/17/1987,14.7
12/18/1987,12.5
12/19/1987,10.9
12/20/1987,12.8
12/21/1987,12.7
12/22/1987,11.2
12/23/1987,11.4
12/24/1987,11.2
12/25/1987,12.1
12/26/1987,12.7
12/27/1987,16.2
12/28/1987,14.2
12/29/1987,14.3
12/30/1987,13.3
12/31/1987,16.7
1/1/1988,15.3
1/2/1988,14.3
1/3/1988,13.5
1/4/1988,15
1/5/1988,13.6
1/6/1988,15.2
1/7/1988,17
1/8/1988,18.7
1/9/1988,16.5
1/10/1988,17.4
1/11/1988,18.3
1/12/1988,18.3
1/13/1988,22.4
1/14/1988,21.4
1/15/1988,20.9
1/16/1988,17.6
1/17/1988,15.5
1/18/1988,16.6
1/19/1988,16.2
1/20/1988,15.6
1/21/1988,14.5
1/22/1988,14
1/23/1988,15.6
1/24/1988,12.3
1/25/1988,11.6
1/26/1988,12.6
1/27/1988,14.9
1/28/1988,17.3
1/29/1988,21.4
1/30/1988,23.4
1/31/1988,14.4
2/1/1988,14.1
2/2/1988,15
2/3/1988,14.5
2/4/1988,15.1
2/5/1988,13.9
2/6/1988,13.4
2/7/1988,9.2
2/8/1988,12.5
2/9/1988,15.1
2/10/1988,12.1
2/11/1988,14.5
2/12/1988,16.3
2/13/1988,16.5
2/14/1988,14.9
2/15/1988,13.2
2/16/1988,11.8
2/17/1988,13.6
2/18/1988,16.2
2/19/1988,14.1
2/20/1988,13.5
2/21/1988,15
2/22/1988,14.8
2/23/1988,16.2
2/24/1988,16.2
2/25/1988,13.3
2/26/1988,15.3
2/27/1988,18.4
2/28/1988,16.2
2/29/1988,16.3
3/1/1988,12.4
3/2/1988,15.6
3/3/1988,14.9
3/4/1988,14.8
3/5/1988,12.7
3/6/1988,14.2
3/7/1988,16.8
3/8/1988,16.7
3/9/1988,16.2
3/10/1988,14.5
3/11/1988,10
3/12/1988,12.6
3/13/1988,11.9
3/14/1988,11.8
3/15/1988,13.4
3/16/1988,14.5
3/17/1988,15.7
3/18/1988,15.3
3/19/1988,13.9
3/20/1988,13.7
3/21/1988,15.1
3/22/1988,15.6
3/23/1988,14.4
3/24/1988,13.9
3/25/1988,16.2
3/26/1988,16.7
3/27/1988,15.5
3/28/1988,16.4
3/29/1988,17.5
3/30/1988,18.2
3/31/1988,16.1
4/1/1988,16.5
4/2/1988,14.6
4/3/1988,16.4
4/4/1988,13.6
4/5/1988,15.9
4/6/1988,11.9
4/7/1988,14.7
4/8/1988,9.4
4/9/1988,6.6
4/10/1988,7.9
4/11/1988,11
4/12/1988,15.7
4/13/1988,15.2
4/14/1988,15.9
4/15/1988,10.6
4/16/1988,8.3
4/17/1988,8.6
4/18/1988,12.7
4/19/1988,10.5
4/20/1988,12
4/21/1988,11.1
4/22/1988,13
4/23/1988,12.4
4/24/1988,13.3
4/25/1988,15.9
4/26/1988,12
4/27/1988,13.7
4/28/1988,17.6
4/29/1988,14.3
4/30/1988,13.7
5/1/1988,15.2
5/2/1988,14.5
5/3/1988,14.9
5/4/1988,15.5
5/5/1988,16.4
5/6/1988,14.5
5/7/1988,12.6
5/8/1988,13.6
5/9/1988,11.2
5/10/1988,11
5/11/1988,12
5/12/1988,6.8
5/13/1988,10.6
5/14/1988,13.1
5/15/1988,13.5
5/16/1988,11.7
5/17/1988,13.2
5/18/1988,12
5/19/1988,10.4
5/20/1988,10
5/21/1988,8.2
5/22/1988,9.4
5/23/1988,10.3
5/24/1988,8.1
5/25/1988,8.7
5/26/1988,12.6
5/27/1988,10.9
5/28/1988,8.7
5/29/1988,9.3
5/30/1988,6.3
5/31/1988,7.8
6/1/1988,10
6/2/1988,11
6/3/1988,11.1
6/4/1988,12.6
6/5/1988,10.2
6/6/1988,11.1
6/7/1988,8.7
6/8/1988,9.5
6/9/1988,9.7
6/10/1988,8.2
6/11/1988,5
6/12/1988,6.5
6/13/1988,12.1
6/14/1988,8.9
6/15/1988,6.1
6/16/1988,2.8
6/17/1988,3.7
6/18/1988,6.8
6/19/1988,6.6
6/20/1988,7
6/21/1988,7.3
6/22/1988,7.9
6/23/1988,10.6
6/24/1988,8.1
6/25/1988,6.7
6/26/1988,8
6/27/1988,10
6/28/1988,6.7
6/29/1988,9.4
6/30/1988,9.3
7/1/1988,6
7/2/1988,5.8
7/3/1988,4.9
7/4/1988,5
7/5/1988,8.4
7/6/1988,12.3
7/7/1988,13
7/8/1988,11.4
7/9/1988,6.8
7/10/1988,7.6
7/11/1988,12.4
7/12/1988,7.1
7/13/1988,7.5
7/14/1988,10
7/15/1988,5.3
7/16/1988,6.3
7/17/1988,8
7/18/1988,8.3
7/19/1988,9.3
7/20/1988,9.5
7/21/1988,5.6
7/22/1988,7
7/23/1988,8.5
7/24/1988,8.5
7/25/1988,8.2
7/26/1988,8.5
7/27/1988,9.6
7/28/1988,9.7
7/29/1988,7.1
7/30/1988,8.4
7/31/1988,9.2
8/1/1988,9.8
8/2/1988,8.1
8/3/1988,9.4
8/4/1988,10
8/5/1988,5.1
8/6/1988,6.7
8/7/1988,6.9
8/8/1988,6.8
8/9/1988,8.6
8/10/1988,9.1
8/11/1988,3.9
8/12/1988,4.8
8/13/1988,8.4
8/14/1988,11.6
8/15/1988,12.1
8/16/1988,12.4
8/17/1988,10
8/18/1988,10.1
8/19/1988,9.7
8/20/1988,11.7
8/21/1988,7.9
8/22/1988,8.6
8/23/1988,7.7
8/24/1988,5.8
8/25/1988,8.7
8/26/1988,10.6
8/27/1988,6.7
8/28/1988,8.8
8/29/1988,9.7
8/30/1988,9
8/31/1988,11.8
9/1/1988,15.2
9/2/1988,10
9/3/1988,10.5
9/4/1988,5.5
9/5/1988,9.4
9/6/1988,8.8
9/7/1988,5.3
9/8/1988,13
9/9/1988,15.2
9/10/1988,13.2
9/11/1988,11.5
9/12/1988,6.8
9/13/1988,4.7
9/14/1988,5.2
9/15/1988,6.8
9/16/1988,10.7
9/17/1988,10.1
9/18/1988,10
9/19/1988,9.8
9/20/1988,5.5
9/21/1988,13.5
9/22/1988,16.6
9/23/1988,8.4
9/24/1988,8.2
9/25/1988,11.1
9/26/1988,10.8
9/27/1988,8.8
9/28/1988,10.8
9/29/1988,8.7
9/30/1988,12.4
10/1/1988,9
10/2/1988,13.5
10/3/1988,14.7
10/4/1988,10.9
10/5/1988,8.5
10/6/1988,6
10/7/1988,12.7
10/8/1988,11.1
10/9/1988,8.7
10/10/1988,12.3
10/11/1988,13.3
10/12/1988,5.6
10/13/1988,13.7
10/14/1988,8.5
10/15/1988,11.2
10/16/1988,8.7
10/17/1988,11.7
10/18/1988,12.5
10/19/1988,8.2
10/20/1988,15.6
10/21/1988,10.3
10/22/1988,11.4
10/23/1988,9.7
10/24/1988,6.3
10/25/1988,14.3
10/26/1988,11.3
10/27/1988,7.3
10/28/1988,12.8
10/29/1988,11.9
10/30/1988,14.3
10/31/1988,11.6
11/1/1988,13.2
11/2/1988,15.5
11/3/1988,14.1
11/4/1988,9.5
11/5/1988,7.2
11/6/1988,11.8
11/7/1988,16.8
11/8/1988,12.5
11/9/1988,9.4
11/10/1988,11.9
11/11/1988,10.3
11/12/1988,16.9
11/13/1988,17.5
11/14/1988,7.5
11/15/1988,8.6
11/16/1988,11.1
11/17/1988,11.5
11/18/1988,10.7
11/19/1988,15.7
11/20/1988,12.8
11/21/1988,13
11/22/1988,12.9
11/23/1988,14.3
11/24/1988,13.7
11/25/1988,12.1
11/26/1988,11.9
11/27/1988,11.8
11/28/1988,11.4
11/29/1988,10.3
11/30/1988,11.7
12/1/1988,12
12/2/1988,17.4
12/3/1988,16.8
12/4/1988,16.2
12/5/1988,13
12/6/1988,12.5
12/7/1988,12.4
12/8/1988,16.1
12/9/1988,20.2
12/10/1988,14.3
12/11/1988,11
12/12/1988,14.4
12/13/1988,15.7
12/14/1988,19.7
12/15/1988,20.7
12/16/1988,23.9
12/17/1988,16.6
12/18/1988,17.5
12/19/1988,14.9
12/20/1988,13.6
12/21/1988,11.9
12/22/1988,15.2
12/23/1988,17.3
12/24/1988,19.8
12/25/1988,15.8
12/26/1988,9.5
12/27/1988,12.9
12/28/1988,12.9
12/29/1988,14.8
12/30/1988,14.1
1/1/1989,14.3
1/2/1989,17.4
1/3/1989,18.5
1/4/1989,16.8
1/5/1989,11.5
1/6/1989,9.5
1/7/1989,12.2
1/8/1989,15.7
1/9/1989,16.3
1/10/1989,13.6
1/11/1989,12.6
1/12/1989,13.8
1/13/1989,12.1
1/14/1989,13.4
1/15/1989,17.3
1/16/1989,19.4
1/17/1989,16.6
1/18/1989,13.9
1/19/1989,13.1
1/20/1989,16
1/21/1989,14.5
1/22/1989,15
1/23/1989,12.6
1/24/1989,12.5
1/25/1989,15.2
1/26/1989,16.2
1/27/1989,16.5
1/28/1989,20.1
1/29/1989,20.6
1/30/1989,16.9
1/31/1989,16.5
2/1/1989,16.1
2/2/1989,14.4
2/3/1989,16.3
2/4/1989,15.7
2/5/1989,14.2
2/6/1989,13.2
2/7/1989,16.8
2/8/1989,18.5
2/9/1989,16.7
2/10/1989,15.3
2/11/1989,15.9
2/12/1989,15.2
2/13/1989,17.5
2/14/1989,18.3
2/15/1989,19.4
2/16/1989,19.4
2/17/1989,19.5
2/18/1989,20.5
2/19/1989,15.7
2/20/1989,15
2/21/1989,16.1
2/22/1989,14.3
2/23/1989,13
2/24/1989,16.2
2/25/1989,17.7
2/26/1989,13.2
2/27/1989,15.8
2/28/1989,18.5
3/1/1989,20.4
3/2/1989,22
3/3/1989,19.7
3/4/1989,19.6
3/5/1989,20.3
3/6/1989,18.3
3/7/1989,18.9
3/8/1989,20.3
3/9/1989,21.4
3/10/1989,18.3
3/11/1989,17.8
3/12/1989,17.7
3/13/1989,12.8
3/14/1989,15.1
3/15/1989,15
3/16/1989,14.8
3/17/1989,12
3/18/1989,12.5
3/19/1989,15
3/20/1989,17.1
3/21/1989,17.3
3/22/1989,16.9
3/23/1989,16.5
3/24/1989,13.6
3/25/1989,13.2
3/26/1989,9.4
3/27/1989,9.5
3/28/1989,11.8
3/29/1989,10.4
3/30/1989,9.7
3/31/1989,12.6
4/1/1989,13.3
4/2/1989,15.1
4/3/1989,14.2
4/4/1989,14.2
4/5/1989,19.2
4/6/1989,12.6
4/7/1989,14.2
4/8/1989,11.9
4/9/1989,13.9
4/10/1989,13.5
4/11/1989,15.3
4/12/1989,13.9
4/13/1989,14
4/14/1989,12.9
4/15/1989,8.5
4/16/1989,11.4
4/17/1989,10.9
4/18/1989,12
4/19/1989,8.6
4/20/1989,9
4/21/1989,9.6
4/22/1989,10.2
4/23/1989,9.8
4/24/1989,8.3
4/25/1989,11
4/26/1989,11.9
4/27/1989,14
4/28/1989,15.8
4/29/1989,14.5
4/30/1989,13.2
5/1/1989,14.2
5/2/1989,14.6
5/3/1989,11.8
5/4/1989,14.4
5/5/1989,10.4
5/6/1989,10.3
5/7/1989,10.8
5/8/1989,10.5
5/9/1989,9.5
5/10/1989,12.5
5/11/1989,13.7
5/12/1989,12.7
5/13/1989,11.9
5/14/1989,11.4
5/15/1989,9.7
5/16/1989,8.3
5/17/1989,8.1
5/18/1989,11.7
5/19/1989,11.6
5/20/1989,7.4
5/21/1989,5.2
5/22/1989,11
5/23/1989,9.5
5/24/1989,9.2
5/25/1989,10.7
5/26/1989,9
5/27/1989,10.2
5/28/1989,10.3
5/29/1989,12.1
5/30/1989,13.2
5/31/1989,6.6
6/1/1989,2.3
6/2/1989,1.4
6/3/1989,2.1
6/4/1989,6.6
6/5/1989,8.9
6/6/1989,7.8
6/7/1989,9
6/8/1989,10.3
6/9/1989,7.9
6/10/1989,7.2
6/11/1989,8.6
6/12/1989,8.8
6/13/1989,6.2
6/14/1989,9.5
6/15/1989,10.2
6/16/1989,9.7
6/17/1989,11.2
6/18/1989,10.2
6/19/1989,10.1
6/20/1989,8.1
6/21/1989,6.6
6/22/1989,5
6/23/1989,4.7
6/24/1989,5.3
6/25/1989,4.5
6/26/1989,2.3
6/27/1989,1.4
6/28/1989,0.5
6/29/1989,2.4
6/30/1989,8
7/1/1989,6
7/2/1989,7.1
7/3/1989,9.7
7/4/1989,6.9
7/5/1989,5.3
7/6/1989,7
7/7/1989,6.2
7/8/1989,7
7/9/1989,9.7
7/10/1989,8
7/11/1989,8.5
7/12/1989,7.1
7/13/1989,7.5
7/14/1989,3.3
7/15/1989,1.8
7/16/1989,2.6
7/17/1989,5.3
7/18/1989,5.8
7/19/1989,5.8
7/20/1989,7.2
7/21/1989,5.3
7/22/1989,1.6
7/23/1989,3.1
7/24/1989,5.3
7/25/1989,7.7
7/26/1989,4.2
7/27/1989,5.5
7/28/1989,9
7/29/1989,11.2
7/30/1989,8
7/31/1989,7.6
8/1/1989,3.7
8/2/1989,7.5
8/3/1989,8.1
8/4/1989,8.4
8/5/1989,7.1
8/6/1989,7.6
8/7/1989,7.6
8/8/1989,5.6
8/9/1989,7
8/10/1989,10.5
8/11/1989,7.3
8/12/1989,7.8
8/13/1989,5.8
8/14/1989,3.8
8/15/1989,5.8
8/16/1989,6.7
8/17/1989,6.6
8/18/1989,6.6
8/19/1989,9
8/20/1989,8.1
8/21/1989,5.1
8/22/1989,8.6
8/23/1989,7
8/24/1989,5.5
8/25/1989,7.4
8/26/1989,6.2
8/27/1989,4.2
8/28/1989,6.3
8/29/1989,7
8/30/1989,4
8/31/1989,8
9/1/1989,8.8
9/2/1989,8.8
9/3/1989,6.1
9/4/1989,8.6
9/5/1989,8.9
9/6/1989,7.8
9/7/1989,5
9/8/1989,7
9/9/1989,13.3
9/10/1989,7.9
9/11/1989,7.5
9/12/1989,8.3
9/13/1989,7.2
9/14/1989,6.5
9/15/1989,8.9
9/16/1989,7.4
9/17/1989,9.9
9/18/1989,9.3
9/19/1989,10.6
9/20/1989,8.6
9/21/1989,7.2
9/22/1989,12.6
9/23/1989,7.8
9/24/1989,6.3
9/25/1989,9.2
9/26/1989,5.8
9/27/1989,9
9/28/1989,5
9/29/1989,11.9
9/30/1989,13.4
10/1/1989,10.5
10/2/1989,6.2
10/3/1989,5.1
10/4/1989,9.5
10/5/1989,11.7
10/6/1989,9.2
10/7/1989,7.3
10/8/1989,9.7
10/9/1989,9.4
10/10/1989,10
10/11/1989,10.9
10/12/1989,11
10/13/1989,10.9
10/14/1989,8
10/15/1989,11.2
10/16/1989,7.5
10/17/1989,7.2
10/18/1989,13.2
10/19/1989,12.9
10/20/1989,9.4
10/21/1989,10.2
10/22/1989,9.5
10/23/1989,12.4
10/24/1989,10.2
10/25/1989,13.4
10/26/1989,11.6
10/27/1989,8
10/28/1989,9
10/29/1989,9.3
10/30/1989,13.5
10/31/1989,8
11/1/1989,8.1
11/2/1989,10
11/3/1989,8.5
11/4/1989,12.5
11/5/1989,15
11/6/1989,13.3
11/7/1989,11
11/8/1989,11.9
11/9/1989,8.3
11/10/1989,9.7
11/11/1989,11.3
11/12/1989,12.5
11/13/1989,9.4
11/14/1989,11.4
11/15/1989,13.2
11/16/1989,13.8
11/17/1989,16
11/18/1989,10.9
11/19/1989,11.9
11/20/1989,12.4
11/21/1989,13.2
11/22/1989,15.5
11/23/1989,21.6
11/24/1989,14.9
11/25/1989,14.4
11/26/1989,12.9
11/27/1989,13.1
11/28/1989,14
11/29/1989,17.9
11/30/1989,17.7
12/1/1989,16.3
12/2/1989,18.3
12/3/1989,13.7
12/4/1989,13.3
12/5/1989,10.6
12/6/1989,14.1
12/7/1989,16
12/8/1989,16.5
12/9/1989,14.1
12/10/1989,18.7
12/11/1989,16.2
12/12/1989,14.8
12/13/1989,12.6
12/14/1989,10.4
12/15/1989,12.2
12/16/1989,12.6
12/17/1989,12.1
12/18/1989,17.3
12/19/1989,16.4
12/20/1989,12.6
12/21/1989,12.3
12/22/1989,11.8
12/23/1989,12
12/24/1989,12.7
12/25/1989,16.4
12/26/1989,16
12/27/1989,13.3
12/28/1989,11.7
12/29/1989,10.4
12/30/1989,14.4
12/31/1989,12.7
1/1/1990,14.8
1/2/1990,13.3
1/3/1990,15.6
1/4/1990,14.5
1/5/1990,14.3
1/6/1990,15.3
1/7/1990,16.4
1/8/1990,14.8
1/9/1990,17.4
1/10/1990,18.8
1/11/1990,22.1
1/12/1990,19
1/13/1990,15.5
1/14/1990,15.8
1/15/1990,14.7
1/16/1990,10.7
1/17/1990,11.5
1/18/1990,15
1/19/1990,14.5
1/20/1990,14.5
1/21/1990,13.3
1/22/1990,14.3
1/23/1990,14.3
1/24/1990,20.5
1/25/1990,15
1/26/1990,17.1
1/27/1990,16.9
1/28/1990,16.9
1/29/1990,13.6
1/30/1990,16.4
1/31/1990,16.1
2/1/1990,12
2/2/1990,12.2
2/3/1990,14.8
2/4/1990,14.8
2/5/1990,14.4
2/6/1990,12.9
2/7/1990,13.4
2/8/1990,15.9
2/9/1990,16.1
2/10/1990,17.6
2/11/1990,15.6
2/12/1990,15
2/13/1990,13
2/14/1990,14.1
2/15/1990,17.3
2/16/1990,15.7
2/17/1990,18.6
2/18/1990,12.7
2/19/1990,14
2/20/1990,13.7
2/21/1990,16.3
2/22/1990,20
2/23/1990,17
2/24/1990,15.2
2/25/1990,16.5
2/26/1990,16.5
2/27/1990,17.3
2/28/1990,19.1
3/1/1990,19.3
3/2/1990,17.3
3/3/1990,19
3/4/1990,19.8
3/5/1990,19.3
3/6/1990,17.2
3/7/1990,14.2
3/8/1990,10.3
3/9/1990,13
3/10/1990,15.3
3/11/1990,15
3/12/1990,12.1
3/13/1990,9.2
3/14/1990,11
3/15/1990,15
3/16/1990,11.6
3/17/1990,11.6
3/18/1990,15.1
3/19/1990,15
3/20/1990,13.6
3/21/1990,12.5
3/22/1990,14.3
3/23/1990,16
3/24/1990,17.4
3/25/1990,16.9
3/26/1990,18
3/27/1990,20.6
3/28/1990,14.2
3/29/1990,10.9
3/30/1990,11.9
3/31/1990,13.3
4/1/1990,15.3
4/2/1990,14.7
4/3/1990,11
4/4/1990,12.2
4/5/1990,14.2
4/6/1990,17
4/7/1990,15.8
4/8/1990,15.2
4/9/1990,15.1
4/10/1990,14.7
4/11/1990,18.5
4/12/1990,16.4
4/13/1990,18.4
4/14/1990,15.1
4/15/1990,9.9
4/16/1990,10.2
4/17/1990,12.6
4/18/1990,13.2
4/19/1990,11.5
4/20/1990,13.8
4/21/1990,14.5
4/22/1990,14.7
4/23/1990,11.2
4/24/1990,12.7
4/25/1990,13.7
4/26/1990,11.5
4/27/1990,10.4
4/28/1990,8.9
4/29/1990,11.1
4/30/1990,9.5
5/1/1990,13
5/2/1990,13.9
5/3/1990,12.6
5/4/1990,14.3
5/5/1990,16
5/6/1990,13.3
5/7/1990,7
5/8/1990,4.9
5/9/1990,6.9
5/10/1990,13.7
5/11/1990,10.6
5/12/1990,12.3
5/13/1990,11.1
5/14/1990,10.2
5/15/1990,9.5
5/16/1990,8.9
5/17/1990,13.4
5/18/1990,9.1
5/19/1990,9.4
5/20/1990,8.7
5/21/1990,5.8
5/22/1990,4.5
5/23/1990,7.2
5/24/1990,10
5/25/1990,10.5
5/26/1990,10.7
5/27/1990,8.2
5/28/1990,6.1
5/29/1990,4.5
5/30/1990,6.1
5/31/1990,9.8
6/1/1990,9.7
6/2/1990,8.2
6/3/1990,8.4
6/4/1990,8.5
6/5/1990,10.4
6/6/1990,6.8
6/7/1990,6
6/8/1990,6.6
6/9/1990,7.8
6/10/1990,10.3
6/11/1990,7.2
6/12/1990,7.4
6/13/1990,11.4
6/14/1990,5.4
6/15/1990,4.4
6/16/1990,6.4
6/17/1990,9.3
6/18/1990,7.7
6/19/1990,8.1
6/20/1990,8.3
6/21/1990,9.1
6/22/1990,7.7
6/23/1990,10.6
6/24/1990,8.2
6/25/1990,7.9
6/26/1990,5.2
6/27/1990,5.9
6/28/1990,3.7
6/29/1990,5.6
6/30/1990,9.4
7/1/1990,7.4
7/2/1990,7.3
7/3/1990,7.7
7/4/1990,7.7
7/5/1990,9.3
7/6/1990,4.4
7/7/1990,5.7
7/8/1990,10.2
7/9/1990,10.2
7/10/1990,9.3
7/11/1990,5.4
7/12/1990,5
7/13/1990,7.6
7/14/1990,9.6
7/15/1990,10.4
7/16/1990,11.2
7/17/1990,9.1
7/18/1990,11.2
7/19/1990,6.8
7/20/1990,8.3
7/21/1990,9.7
7/22/1990,9.6
7/23/1990,9.8
7/24/1990,10.8
7/25/1990,9.2
7/26/1990,6.5
7/27/1990,8.1
7/28/1990,7.3
7/29/1990,7.9
7/30/1990,6
7/31/1990,5
8/1/1990,6.8
8/2/1990,9.8
8/3/1990,5.7
8/4/1990,8.6
8/5/1990,10.6
8/6/1990,7.8
8/7/1990,7.7
8/8/1990,8.6
8/9/1990,6.5
8/10/1990,6.9
8/11/1990,6.4
8/12/1990,8.5
8/13/1990,7.8
8/14/1990,9.3
8/15/1990,8.4
8/16/1990,7.8
8/17/1990,7.4
8/18/1990,7.7
8/19/1990,8.9
8/20/1990,9.7
8/21/1990,9.9
8/22/1990,6.1
8/23/1990,6.6
8/24/1990,7.6
8/25/1990,7.4
8/26/1990,8
8/27/1990,2.1
8/28/1990,5.9
8/29/1990,11.6
8/30/1990,8.6
8/31/1990,7.9
9/1/1990,6
9/2/1990,9.5
9/3/1990,8.6
9/4/1990,7.6
9/5/1990,10.4
9/6/1990,10.3
9/7/1990,7.5
9/8/1990,3
9/9/1990,5.3
9/10/1990,10.5
9/11/1990,14.6
9/12/1990,12.6
9/13/1990,9.8
9/14/1990,7.2
9/15/1990,10.1
9/16/1990,10.4
9/17/1990,3.7
9/18/1990,7.3
9/19/1990,11.6
9/20/1990,16.3
9/21/1990,9.6
9/22/1990,6.8
9/23/1990,5.2
9/24/1990,10.6
9/25/1990,16.3
9/26/1990,9.8
9/27/1990,4.6
9/28/1990,11.1
9/29/1990,8.7
9/30/1990,10
10/1/1990,11.3
10/2/1990,10.5
10/3/1990,9.9
10/4/1990,11
10/5/1990,14
10/6/1990,9.2
10/7/1990,9.8
10/8/1990,6
10/9/1990,9.8
10/10/1990,9.2
10/11/1990,11.8
10/12/1990,10.3
10/13/1990,7.5
10/14/1990,7.7
10/15/1990,15.8
10/16/1990,14.6
10/17/1990,10.5
10/18/1990,11.3
10/19/1990,10.9
10/20/1990,6.4
10/21/1990,10.9
10/22/1990,9
10/23/1990,10.9
10/24/1990,12.4
10/25/1990,11.6
10/26/1990,13.3
10/27/1990,14.4
10/28/1990,18.4
10/29/1990,13.6
10/30/1990,14.9
10/31/1990,14.8
11/1/1990,15.4
11/2/1990,11.8
11/3/1990,13
11/4/1990,11.1
11/5/1990,12.5
11/6/1990,18.3
11/7/1990,19.2
11/8/1990,15.4
11/9/1990,13.1
11/10/1990,11.5
11/11/1990,8.6
11/12/1990,12.6
11/13/1990,13.8
11/14/1990,14.6
11/15/1990,13.2
11/16/1990,12.3
11/17/1990,8.8
11/18/1990,10.7
11/19/1990,9.9
11/20/1990,8.3
11/21/1990,15
11/22/1990,12.2
11/23/1990,10.5
11/24/1990,11.1
11/25/1990,13
11/26/1990,12.9
11/27/1990,8.8
11/28/1990,14.7
11/29/1990,14.7
11/30/1990,12.7
12/1/1990,13.3
12/2/1990,13.2
12/3/1990,16.2
12/4/1990,17.3
12/5/1990,20.5
12/6/1990,20.2
12/7/1990,19.4
12/8/1990,15.5
12/9/1990,14.1
12/10/1990,11
12/11/1990,11.1
12/12/1990,14
12/13/1990,11.4
12/14/1990,12.5
12/15/1990,13.4
12/16/1990,13.6
12/17/1990,13.9
12/18/1990,17.2
12/19/1990,14.7
12/20/1990,15.4
12/21/1990,13.1
12/22/1990,13.2
12/23/1990,13.9
12/24/1990,10
12/25/1990,12.9
12/26/1990,14.6
12/27/1990,14
12/28/1990,13.6
12/29/1990,13.5
12/30/1990,15.7
12/31/1990,13
