% WEIGHTED ILI,%UNWEIGHTED ILI,AGE 0-4,AGE 25-49,AGE 25-64,AGE 5-24,AGE 50-64,AGE 65,ILITOTAL,NUM. OF PROVIDERS,TOTAL PATIENTS
1.10148,1.21686,179,,157.0,205,,29,570,192,46842
1.20007,1.28064,199,,151.0,242,,23,615,191,48023
1.37876,1.23906,228,,153.0,266,,34,681,219,54961
1.1992,1.14473,188,,193.0,236,,36,653,213,57044
1.65618,1.26112,217,,162.0,280,,41,700,213,55506
1.41326,1.28275,178,,148.0,281,,48,655,195,51062
1.9868,1.44579,294,,240.0,328,,70,932,248,64463
2.44749,1.64796,288,,293.0,456,,63,1100,256,66749
1.73901,1.67517,268,,206.0,343,,69,886,252,52890
1.93919,1.61739,299,,282.0,415,,102,1098,253,67887
2.28166,1.76632,346,,268.0,388,,81,1083,242,61314
2.50761,2.10398,348,,235.0,362,,59,1004,190,47719
4.11352,3.13655,510,,404.0,492,,113,1519,251,48429
5.62372,3.7185,579,,584.0,576,,207,1946,250,52333
4.37398,3.59225,639,,759.0,810,,207,2415,254,67228
4.19434,3.68922,690,,654.0,1121,,148,2613,255,70828
5.42123,4.60396,856,,679.0,1440,,151,3126,245,67898
5.66137,4.91007,824,,817.0,1600,,196,3437,245,69999
5.97802,4.82687,881,,769.0,1471,,233,3354,239,69486
4.7358,3.9459,699,,671.0,1101,,146,2617,234,66322
3.44581,3.1081,457,,523.0,849,,119,1948,223,62675
2.47799,2.13953,313,,330.0,534,,112,1289,217,60247
1.65732,1.43954,241,,214.0,308,,64,827,211,57449
1.96952,1.47879,201,,183.0,305,,59,748,208,50582
1.58545,1.08556,162,,123.0,249,,51,585,200,53889
1.80474,0.997967,156,,93.0,196,,41,486,177,48699
1.04624,0.744205,90,,92.0,144,,32,358,182,48105
1.4004,0.856631,82,,93.0,152,,41,368,170,42959
0.79687,0.621737,64,,73.0,106,,19,262,156,42140
0.717097,0.670954,82,,68.0,100,,15,265,155,39496
1.00238,0.694082,58,,61.0,120,,27,266,148,38324
0.908403,0.583457,39,,64.0,93,,13,209,136,35821
0.443014,0.57764,79,,37.0,61,,9,186,131,32200
0.638986,0.605216,54,,40.0,52,,19,165,120,27263
0.0,0.0,0,0.0,0.0,0,0.0,0,0,0,0
0.0,0.0,0,0.0,0.0,0,0.0,0,0,0,0
0.0,0.0,0,0.0,0.0,0,0.0,0,0,0,0
0.0,0.0,0,0.0,0.0,0,0.0,0,0,0,0
0.0,0.0,0,0.0,0.0,0,0.0,0,0,0,0
0.0,0.0,0,0.0,0.0,0,0.0,0,0,0,0
0.0,0.0,0,0.0,0.0,0,0.0,0,0,0,0
0.0,0.0,0,0.0,0.0,0,0.0,0,0,0,0
0.0,0.0,0,0.0,0.0,0,0.0,0,0,0,0
0.0,0.0,0,0.0,0.0,0,0.0,0,0,0,0
0.0,0.0,0,0.0,0.0,0,0.0,0,0,0,0
0.0,0.0,0,0.0,0.0,0,0.0,0,0,0,0
0.0,0.0,0,0.0,0.0,0,0.0,0,0,0,0
0.0,0.0,0,0.0,0.0,0,0.0,0,0,0,0
0.0,0.0,0,0.0,0.0,0,0.0,0,0,0,0
0.0,0.0,0,0.0,0.0,0,0.0,0,0,0,0
0.0,0.0,0,0.0,0.0,0,0.0,0,0,0,0
0.0,0.0,0,0.0,0.0,0,0.0,0,0,0,0
0.0,0.0,0,0.0,0.0,0,0.0,0,0,0,0
1.57733,0.697291,115,,139.0,210,,26,490,304,70272
1.3088,0.784777,133,,174.0,262,,36,605,328,77092
1.41744,0.902906,217,,225.0,287,,54,783,350,86720
1.18272,1.13792,278,,226.0,530,,52,1086,377,95437
2.33432,1.01551,298,,262.0,414,,60,1034,388,101821
1.81577,1.0009,258,,292.0,402,,70,1022,400,102108
2.17975,1.13895,355,,281.0,478,,64,1178,372,103429
2.1124,1.44938,291,,322.0,512,,83,1208,403,83346
2.04854,1.13908,319,,310.0,453,,94,1176,392,103241
1.93248,1.16023,353,,303.0,461,,85,1202,399,103600
1.90468,1.17127,312,,320.0,426,,83,1141,396,97416
2.55983,1.49061,335,,296.0,359,,74,1064,384,71380
3.99108,1.84288,418,,466.0,377,,162,1423,382,77216
3.08581,1.8239,439,,659.0,548,,134,1780,396,97593
4.16383,2.54354,431,,962.0,874,,140,2407,396,94632
5.58049,3.61581,801,,1168.0,1689,,206,3864,399,106864
5.25328,4.07912,755,,1419.0,2185,,186,4545,397,111421
6.74667,5.0776,970,,1562.0,2919,,219,5670,397,111667
7.57188,5.04884,1029,,1591.0,2911,,237,5768,379,114244
6.87287,4.69331,822,,1599.0,2275,,224,4920,376,104830
6.35098,4.23423,800,,1520.0,1932,,234,4486,352,105946
5.41099,4.02363,769,,1357.0,1543,,241,3910,359,97176
4.55008,2.99348,539,,1041.0,1140,,202,2922,351,97612
3.85915,2.37759,458,,704.0,778,,130,2070,339,87063
2.99601,2.01715,378,,548.0,641,,129,1696,321,84079
1.97814,1.37688,243,,382.0,397,,69,1091,313,79237
1.16887,0.88283,127,,202.0,265,,38,632,277,71588
1.09302,0.613811,102,,102.0,175,,17,396,268,64515
0.633169,0.42177,59,,66.0,133,,13,271,258,64253
0.639561,0.615513,111,,118.0,150,,20,399,255,64824
1.55531,0.302287,35,,50.0,84,,11,180,237,59546
0.80802,0.522623,102,,88.0,86,,16,292,227,55872
1.33997,0.529526,100,,68.0,100,,15,283,222,53444
0.0,0.0,0,0.0,0.0,0,0.0,0,0,0,0
0.0,0.0,0,0.0,0.0,0,0.0,0,0,0,0
0.0,0.0,0,0.0,0.0,0,0.0,0,0,0,0
0.0,0.0,0,0.0,0.0,0,0.0,0,0,0,0
0.0,0.0,0,0.0,0.0,0,0.0,0,0,0,0
0.0,0.0,0,0.0,0.0,0,0.0,0,0,0,0
0.0,0.0,0,0.0,0.0,0,0.0,0,0,0,0
0.0,0.0,0,0.0,0.0,0,0.0,0,0,0,0
0.0,0.0,0,0.0,0.0,0,0.0,0,0,0,0
0.0,0.0,0,0.0,0.0,0,0.0,0,0,0,0
0.0,0.0,0,0.0,0.0,0,0.0,0,0,0,0
0.0,0.0,0,0.0,0.0,0,0.0,0,0,0,0
0.0,0.0,0,0.0,0.0,0,0.0,0,0,0,0
0.0,0.0,0,0.0,0.0,0,0.0,0,0,0,0
0.0,0.0,0,0.0,0.0,0,0.0,0,0,0,0
0.0,0.0,0,0.0,0.0,0,0.0,0,0,0,0
0.0,0.0,0,0.0,0.0,0,0.0,0,0,0,0
0.0,0.0,0,0.0,0.0,0,0.0,0,0,0,0
0.0,0.0,0,0.0,0.0,0,0.0,0,0,0,0
0.831219,0.977255,264,,228.0,273,,26,791,316,80941
1.40445,1.06706,292,,297.0,351,,57,997,361,93434
1.31721,0.942688,346,,293.0,371,,57,1067,386,113187
1.38161,1.01621,371,,289.0,367,,62,1089,355,107163
1.41607,1.19439,438,,434.0,607,,91,1570,449,131448
1.48438,1.24149,473,,461.0,535,,101,1570,456,126461
1.52614,1.28568,443,,544.0,622,,92,1701,459,132304
1.85336,1.69132,483,,714.0,504,,132,1833,455,108377
2.32907,1.73731,518,,994.0,835,,137,2484,469,142980
2.70254,2.33715,643,,1316.0,1124,,181,3264,480,139657
3.50454,2.93022,828,,1676.0,1405,,299,4208,475,143607
5.40799,4.41985,1130,,2189.0,1399,,450,5168,472,116927
7.04228,5.64698,1339,,3146.0,1697,,664,6846,471,121233
6.76846,5.15025,1314,,3250.0,2043,,665,7272,482,141197
5.52808,3.90316,1011,,2251.0,1746,,462,5470,467,140143
3.80508,2.91178,851,,1357.0,1334,,315,3857,450,132462
3.41177,2.1567,722,,962.0,1048,,169,2901,433,134511
2.4,1.81295,633,,786.0,914,,145,2478,441,136683
1.8912,1.6166,599,,646.0,862,,116,2223,437,137511
1.35503,1.26702,539,,447.0,610,,72,1668,413,131648
1.33212,1.14107,452,,328.0,481,,64,1325,382,116119
1.49127,1.23509,499,,360.0,477,,49,1385,370,112138
1.26826,1.01933,381,,256.0,394,,57,1088,363,106737
1.05854,0.926459,342,,206.0,342,,44,934,338,100814
0.92201,0.911006,305,,229.0,346,,37,917,326,100658
0.892334,0.823722,282,,206.0,320,,29,837,320,101612
0.929201,0.725443,186,,171.0,286,,23,666,295,91806
0.655592,0.579775,178,,127.0,196,,21,522,289,90035
0.607002,0.451177,107,,96.0,120,,24,347,280,76910
0.600003,0.438685,112,,80.0,141,,14,347,274,79100
0.547247,0.440517,93,,77.0,147,,7,324,257,73550
0.476417,0.351667,67,,77.0,85,,10,239,248,67962
0.445917,0.36646,79,,64.0,65,,11,219,233,59761
0.0,0.0,0,0.0,0.0,0,0.0,0,0,0,0
0.0,0.0,0,0.0,0.0,0,0.0,0,0,0,0
0.0,0.0,0,0.0,0.0,0,0.0,0,0,0,0
0.0,0.0,0,0.0,0.0,0,0.0,0,0,0,0
0.0,0.0,0,0.0,0.0,0,0.0,0,0,0,0
0.0,0.0,0,0.0,0.0,0,0.0,0,0,0,0
0.0,0.0,0,0.0,0.0,0,0.0,0,0,0,0
0.0,0.0,0,0.0,0.0,0,0.0,0,0,0,0
0.0,0.0,0,0.0,0.0,0,0.0,0,0,0,0
0.0,0.0,0,0.0,0.0,0,0.0,0,0,0,0
0.0,0.0,0,0.0,0.0,0,0.0,0,0,0,0
0.0,0.0,0,0.0,0.0,0,0.0,0,0,0,0
0.0,0.0,0,0.0,0.0,0,0.0,0,0,0,0
0.0,0.0,0,0.0,0.0,0,0.0,0,0,0,0
0.0,0.0,0,0.0,0.0,0,0.0,0,0,0,0
0.0,0.0,0,0.0,0.0,0,0.0,0,0,0,0
0.0,0.0,0,0.0,0.0,0,0.0,0,0,0,0
0.0,0.0,0,0.0,0.0,0,0.0,0,0,0,0
0.0,0.0,0,0.0,0.0,0,0.0,0,0,0,0
1.04113,1.22865,206,,322.0,443,,70,1041,337,84727
1.2871,1.05545,270,,389.0,489,,86,1234,451,116917
1.28299,1.15984,390,,458.0,617,,96,1561,487,134587
1.34081,1.22688,411,,564.0,683,,123,1781,507,145165
1.0555,1.24107,465,,564.0,703,,138,1870,526,150676
1.14136,1.4316,564,,635.0,849,,181,2229,545,155700
1.44111,1.49427,572,,736.0,979,,162,2449,571,163893
1.95735,1.84268,704,,646.0,913,,154,2417,569,131168
1.61928,1.59762,673,,900.0,1085,,196,2854,581,178641
1.7844,1.73473,710,,916.0,1232,,239,3097,595,178529
2.34423,2.04538,677,,1077.0,1455,,185,3394,600,165935
2.69528,2.41051,767,,1052.0,1337,,205,3361,585,139431
3.8618,3.38334,1059,,1496.0,1335,,262,4152,587,122719
3.505,3.2288,1049,,1855.0,1571,,321,4796,591,148538
3.43804,3.11951,1081,,1722.0,2423,,318,5544,611,177720
4.3928,3.80424,1395,,1806.0,3223,,293,6717,617,176566
4.21339,4.18681,1542,,1991.0,4057,,318,7908,626,188879
4.35364,3.9865,1329,,1958.0,3705,,295,7287,578,182792
3.69969,3.60607,1370,,1731.0,3017,,358,6476,566,179586
2.81921,2.81015,1059,,1393.0,2126,,254,4832,566,171948
2.55294,2.41561,834,,1278.0,1566,,245,3923,540,162402
1.90167,1.73272,683,,752.0,1008,,163,2606,511,150399
1.68033,1.64319,622,,854.0,934,,152,2562,510,155916
1.6254,1.35803,524,,522.0,762,,135,1943,472,143075
1.45957,1.39027,485,,507.0,751,,136,1879,460,135154
1.32376,1.2237,465,,419.0,575,,131,1590,442,129934
0.920073,1.11908,288,,421.0,421,,126,1256,371,112235
0.779257,0.938967,219,,305.0,344,,82,950,349,101175
0.991303,0.944308,234,,344.0,331,,88,997,342,105580
0.82693,0.742603,198,,253.0,274,,46,771,334,103824
0.588952,0.735456,173,,225.0,265,,71,734,322,99802
0.605586,0.725155,165,,196.0,250,,60,671,293,92532
0.49434,0.670346,94,,159.0,179,,38,470,262,70113
0.0,0.0,0,0.0,0.0,0,0.0,0,0,0,0
0.0,0.0,0,0.0,0.0,0,0.0,0,0,0,0
0.0,0.0,0,0.0,0.0,0,0.0,0,0,0,0
0.0,0.0,0,0.0,0.0,0,0.0,0,0,0,0
0.0,0.0,0,0.0,0.0,0,0.0,0,0,0,0
0.0,0.0,0,0.0,0.0,0,0.0,0,0,0,0
0.0,0.0,0,0.0,0.0,0,0.0,0,0,0,0
0.0,0.0,0,0.0,0.0,0,0.0,0,0,0,0
0.0,0.0,0,0.0,0.0,0,0.0,0,0,0,0
0.0,0.0,0,0.0,0.0,0,0.0,0,0,0,0
0.0,0.0,0,0.0,0.0,0,0.0,0,0,0,0
0.0,0.0,0,0.0,0.0,0,0.0,0,0,0,0
0.0,0.0,0,0.0,0.0,0,0.0,0,0,0,0
0.0,0.0,0,0.0,0.0,0,0.0,0,0,0,0
0.0,0.0,0,0.0,0.0,0,0.0,0,0,0,0
0.0,0.0,0,0.0,0.0,0,0.0,0,0,0,0
0.0,0.0,0,0.0,0.0,0,0.0,0,0,0,0
0.0,0.0,0,0.0,0.0,0,0.0,0,0,0,0
0.0,0.0,0,0.0,0.0,0,0.0,0,0,0,0
1.41046,0.997404,429,,372.0,485,,82,1368,607,137156
1.77019,1.09692,479,,526.0,628,,114,1747,646,159264
1.61904,1.1679,562,,560.0,697,,113,1932,690,165425
1.77065,1.26256,567,,643.0,876,,118,2204,710,174566
1.93891,1.30014,655,,665.0,883,,168,2371,746,182365
1.63439,1.21838,626,,687.0,865,,149,2327,758,190992
1.90363,1.33993,693,,811.0,862,,142,2508,770,187174
1.80556,1.47679,602,,698.0,643,,147,2090,764,141523
1.75506,1.41042,638,,877.0,866,,185,2566,728,181932
1.53023,1.26322,602,,676.0,848,,149,2275,762,180095
1.46161,1.26864,666,,570.0,780,,153,2169,756,170971
1.96048,1.53452,707,,684.0,725,,162,2278,696,148450
2.20435,2.12774,719,,718.0,656,,172,2265,691,106451
2.1348,1.94142,785,,808.0,752,,223,2568,728,132274
1.89441,1.67397,837,,869.0,969,,200,2875,742,171747
2.83109,2.06831,1067,,948.0,1533,,195,3743,749,180969
3.30481,2.87301,1460,,1156.0,2004,,177,4797,728,166968
3.61063,2.94909,1556,,1415.0,2351,,235,5557,729,188431
3.42799,2.92857,1542,,1478.0,2330,,274,5624,728,192039
3.76715,3.16382,1557,,1573.0,2436,,358,5924,712,187242
3.60018,3.12121,1509,,1544.0,2359,,348,5760,708,184544
3.20024,2.73515,1208,,1529.0,1997,,370,5104,707,186608
2.92633,2.15302,848,,1007.0,1558,,218,3631,674,168647
2.85857,1.92136,731,,832.0,1252,,162,2977,652,154942
2.34745,1.62731,567,,607.0,1092,,151,2417,617,148527
2.23498,1.46179,547,,488.0,913,,131,2079,582,142223
1.99355,1.1937,397,,449.0,692,,117,1655,575,138645
1.37168,0.895415,327,,292.0,467,,83,1169,551,130554
1.27033,0.817901,247,,262.0,442,,67,1018,523,124465
0.999331,0.705896,235,,155.0,389,,51,830,504,117581
1.172,0.611215,209,,147.0,269,,47,672,475,109945
1.03472,0.630622,169,,156.0,302,,46,673,458,106720
0.703599,0.573579,159,,142.0,236,,39,576,449,100422
0.0,0.0,0,0.0,0.0,0,0.0,0,0,0,0
0.0,0.0,0,0.0,0.0,0,0.0,0,0,0,0
0.0,0.0,0,0.0,0.0,0,0.0,0,0,0,0
0.0,0.0,0,0.0,0.0,0,0.0,0,0,0,0
0.0,0.0,0,0.0,0.0,0,0.0,0,0,0,0
0.0,0.0,0,0.0,0.0,0,0.0,0,0,0,0
0.0,0.0,0,0.0,0.0,0,0.0,0,0,0,0
0.0,0.0,0,0.0,0.0,0,0.0,0,0,0,0
0.0,0.0,0,0.0,0.0,0,0.0,0,0,0,0
0.0,0.0,0,0.0,0.0,0,0.0,0,0,0,0
0.0,0.0,0,0.0,0.0,0,0.0,0,0,0,0
0.0,0.0,0,0.0,0.0,0,0.0,0,0,0,0
0.0,0.0,0,0.0,0.0,0,0.0,0,0,0,0
0.0,0.0,0,0.0,0.0,0,0.0,0,0,0,0
0.0,0.0,0,0.0,0.0,0,0.0,0,0,0,0
0.0,0.0,0,0.0,0.0,0,0.0,0,0,0,0
0.0,0.0,0,0.0,0.0,0,0.0,0,0,0,0
0.0,0.0,0,0.0,0.0,0,0.0,0,0,0,0
0.0,0.0,0,0.0,0.0,0,0.0,0,0,0,0
1.22262,1.16668,582,,524.0,805,,149,2060,754,176569
1.33344,1.2165,683,,585.0,872,,127,2267,785,186355
1.31929,1.13057,642,,543.0,878,,113,2176,831,192469
1.49484,1.25246,728,,672.0,1045,,154,2599,863,207512
1.47195,1.30237,823,,741.0,1189,,154,2907,909,223208
1.58094,1.40551,887,,886.0,1272,,180,3225,930,229454
1.49426,1.38437,851,,898.0,1173,,175,3097,923,223712
1.40569,1.32563,802,,817.0,1166,,182,2967,922,223818
1.6141,1.43475,834,,711.0,978,,186,2709,918,188814
1.45967,1.25433,857,,869.0,1117,,206,3049,937,243078
1.59896,1.25757,804,,792.0,1179,,182,2957,928,235136
2.16697,1.58017,951,,849.0,1404,,212,3416,908,216179
2.57842,1.98008,915,,828.0,937,,177,2857,865,144287
2.38636,1.90428,1028,,962.0,1019,,251,3260,879,171193
1.73621,1.5901,1068,,1091.0,1296,,274,3729,926,234513
2.06296,1.81559,1154,,1011.0,1798,,241,4204,902,231550
2.58113,2.41801,1373,,1104.0,2998,,221,5696,927,235566
2.93909,2.86635,1411,,1322.0,4064,,282,7079,884,246969
3.22539,3.16662,1606,,1421.0,4447,,308,7782,889,245751
3.06982,3.0155,1568,,1566.0,4224,,291,7649,903,253656
3.20044,2.9978,1694,,1537.0,3689,,308,7228,871,241110
2.44888,2.31957,1336,,1400.0,2583,,287,5606,857,241683
2.1344,1.94707,1015,,1085.0,2103,,247,4450,839,228549
1.99866,1.72985,880,,987.0,1669,,274,3810,835,220250
1.93849,1.51837,737,,773.0,1321,,156,2987,795,196724
1.41293,1.22616,624,,640.0,1016,,159,2439,775,198913
1.23472,1.05433,506,,541.0,846,,135,2028,741,192349
1.20005,1.07108,569,,551.0,799,,163,2082,735,194383
0.910135,0.82612,440,,382.0,539,,106,1467,669,177577
0.932265,0.820505,429,,394.0,508,,114,1445,682,176111
0.692175,0.630846,275,,272.0,444,,84,1075,655,170406
0.669406,0.63935,215,,245.0,471,,74,1005,613,157191
0.727705,0.586609,248,,235.0,283,,70,836,547,142514
0.717701,0.773024,264,,169.0,262,,45,740,406,95728
0.789394,0.790743,213,,179.0,205,,44,641,393,81063
0.722129,0.711847,201,,133.0,195,,34,563,344,79090
0.591326,0.794637,198,,180.0,187,,55,620,341,78023
0.52307,0.586604,139,,127.0,123,,34,423,322,72110
0.450236,0.615982,122,,163.0,124,,32,441,322,71593
0.397421,0.491507,109,,94.0,91,,24,318,310,64699
0.448002,0.604341,137,,120.0,141,,43,441,308,72972
0.474767,0.524478,98,,116.0,98,,53,365,301,69593
0.453251,0.590692,112,,121.0,139,,48,420,302,71103
0.352158,0.505135,100,,102.0,120,,39,361,290,71466
0.525322,0.634271,136,,136.0,125,,46,443,295,69844
0.492991,0.610118,120,,133.0,131,,37,421,283,69003
0.542728,0.641227,159,,120.0,144,,27,450,277,70178
0.490347,0.661429,166,,112.0,155,,30,463,276,70000
0.735914,0.792681,177,,124.0,182,,36,519,271,65474
0.581771,0.639059,145,,122.0,184,,24,475,267,74328
0.654162,0.636732,136,,116.0,183,,26,461,264,72401
0.749504,0.747829,135,,143.0,221,,34,533,268,71273
0.884021,0.960873,808,,607.0,881,,146,2442,830,254144
1.02773,1.04325,913,,696.0,1132,,191,2932,931,281045
1.28296,1.0545,878,,811.0,1147,,195,3031,974,287436
1.32661,1.11231,1006,,884.0,1369,,216,3475,1007,312412
1.77304,1.41274,1207,,1127.0,2080,,276,4690,1074,331980
2.43814,1.72703,1542,,1249.0,2735,,264,5790,1111,335258
2.72605,2.407,2185,,1757.0,4133,,310,8385,1141,348359
3.73192,3.10962,2561,,2425.0,5684,,471,11141,1129,358275
4.54894,4.30779,3247,,2890.0,4933,,672,11742,1118,272576
5.39906,4.8303,4734,,5330.0,7817,,1067,18948,1189,392274
7.38735,6.42905,6620,,5573.0,11550,,1219,24962,1173,388269
7.48097,6.86734,6434,,5906.0,9851,,1508,23699,1148,345097
7.62797,7.06496,5336,,4517.0,5231,,1331,16415,1122,232344
5.14051,4.55115,3391,,3827.0,2894,,1220,11332,1139,248992
2.89129,2.41833,1930,,2605.0,2299,,768,7602,1160,314349
2.10429,1.80906,1679,,1586.0,1857,,461,5583,1141,308614
1.88696,1.71202,1721,,1276.0,1604,,360,4961,1084,289774
1.7766,1.5425,1487,,1067.0,1543,,339,4436,1071,287586
1.46001,1.43787,1454,,1047.0,1448,,302,4251,1054,295646
1.37787,1.32427,1420,,889.0,1297,,218,3824,986,288762
1.30532,1.30726,1301,,876.0,1255,,259,3691,1004,282347
1.08691,1.03698,956,,719.0,1038,,203,2916,948,281202
0.991888,1.01032,925,,682.0,910,,227,2744,894,271597
1.02765,1.05249,878,,764.0,888,,178,2708,897,257294
1.0579,1.02009,730,,756.0,826,,175,2487,849,243802
0.849361,0.924419,760,,628.0,733,,179,2300,859,248805
0.747127,0.790645,610,,495.0,611,,142,1858,828,234998
0.661708,0.80261,583,,440.0,566,,116,1705,774,212432
0.679514,0.83613,545,,500.0,573,,131,1749,755,209178
0.633071,0.792436,501,,461.0,511,,142,1615,679,203802
0.569894,0.683588,470,,349.0,404,,108,1331,658,194708
0.591357,0.757452,435,,383.0,491,,85,1394,629,184038
0.589044,0.788585,449,,361.0,443,,74,1327,599,168276
0.67864,0.812171,451,,337.0,380,,94,1262,553,155386
0.637558,0.804463,375,,280.0,349,,66,1070,463,133008
0.813309,0.877701,391,,289.0,308,,73,1061,452,120884
0.834551,0.741453,355,,257.0,309,,66,987,443,133117
0.616174,0.661022,307,,258.0,240,,46,851,426,128740
0.513286,0.715109,277,,245.0,284,,81,887,423,124037
0.351881,0.562241,238,,215.0,183,,62,698,408,124146
0.542621,0.786808,233,,210.0,205,,62,710,381,90238
0.581036,0.860658,249,,227.0,280,,80,836,378,97135
0.495486,0.689944,259,,162.0,200,,38,659,370,95515
0.61209,0.779691,260,,189.0,230,,40,719,363,92216
0.531491,0.628144,213,,225.0,235,,60,733,345,116693
0.519987,0.902459,243,,247.0,256,,63,809,334,89644
0.574476,0.806443,256,,200.0,256,,58,770,335,95481
0.663175,0.874888,259,,231.0,265,,44,799,333,91326
0.614691,0.993213,279,,252.0,358,,71,960,326,96656
0.656823,0.876141,281,,263.0,309,,60,913,337,104207
0.723016,0.948092,342,,299.0,413,,68,1122,341,118343
0.691857,0.926943,322,,268.0,416,,83,1089,336,117483
0.782758,0.971643,333,,319.0,382,,82,1116,364,114857
0.982275,0.897159,877,,853.0,1256,,185,3171,1176,353449
1.01821,1.02248,1071,,971.0,1373,,216,3631,1187,355116
1.1768,1.06296,1240,,1019.0,1534,,226,4019,1267,378094
1.30121,1.14696,1190,,1223.0,1671,,285,4369,1293,380921
1.27746,1.20495,1327,,1215.0,1718,,291,4551,1302,377692
1.40387,1.30517,1497,,1279.0,1874,,319,4969,1344,380718
1.40301,1.28699,1531,,1279.0,1874,,299,4983,1336,387182
1.73975,1.59468,1490,,1274.0,1678,,271,4713,1341,295546
1.56894,1.39714,1538,,1434.0,2059,,376,5407,1369,387004
1.65927,1.44996,1551,,1450.0,2052,,375,5428,1346,374356
1.81341,1.61745,1670,,1643.0,2071,,371,5755,1379,355806
2.37626,2.19112,1856,,1608.0,1807,,418,5689,1288,259639
2.77052,2.56649,2252,,2413.0,1993,,621,7279,1332,283617
2.40064,2.17645,2010,,2869.0,2450,,712,8041,1383,369455
2.54155,2.20171,2188,,2542.0,2982,,611,8323,1342,378024
2.85871,2.53012,2199,,2839.0,3682,,608,9328,1348,368678
3.55011,3.06524,2747,,3586.0,5364,,725,12422,1334,405254
4.58591,3.98061,3086,,4498.0,7650,,958,16192,1303,406772
5.05809,4.59568,3626,,5757.0,8854,,1132,19369,1324,421461
5.44151,4.75197,3834,,6515.0,8400,,1182,19931,1330,419426
4.4729,4.17962,3720,,5125.0,6759,,1026,16630,1280,397883
3.6752,3.45359,2997,,4058.0,5343,,836,13234,1268,383196
3.3353,3.15852,2728,,3634.0,4494,,745,11601,1227,367292
2.76224,2.6732,2416,,2969.0,3513,,604,9502,1185,355454
2.46844,2.35161,2145,,2434.0,2771,,550,7900,1148,335940
2.00081,1.89243,1827,,1979.0,2133,,390,6329,1103,334438
1.54319,1.5249,1422,,1327.0,1737,,330,4816,1048,315823
1.50195,1.41134,1356,,1169.0,1603,,317,4445,1000,314948
1.22918,1.25068,1096,,954.0,1469,,306,3825,978,305833
1.21854,1.20702,1117,,894.0,1411,,224,3646,971,302065
1.15832,1.07895,903,,762.0,1136,,189,2990,923,277120
1.249,1.14521,979,,710.0,1115,,208,3012,878,263009
1.16888,1.06124,805,,600.0,926,,200,2531,825,238494
1.07888,1.0568,687,,518.0,695,,156,2056,687,194550
1.23059,1.25193,693,,568.0,678,,160,2099,637,167661
1.14747,1.01419,548,,462.0,594,,140,1744,603,171960
1.00254,1.04197,573,,409.0,507,,125,1614,582,154899
0.957569,0.954027,580,,431.0,507,,110,1628,587,170645
0.894837,0.84823,497,,326.0,452,,84,1359,550,160216
0.798205,0.841872,426,,313.0,390,,69,1198,533,142302
0.757812,0.730894,389,,323.0,361,,75,1148,524,157068
0.825963,0.713432,333,,303.0,364,,68,1068,507,149699
0.744927,0.670677,328,,279.0,327,,56,990,492,147612
0.787049,0.689278,331,,267.0,326,,58,982,488,142468
0.684724,0.704929,319,,297.0,350,,57,1023,479,145121
0.747361,0.615903,330,,225.0,326,,47,928,480,150673
0.673974,0.609426,292,,265.0,311,,54,922,428,151290
0.869662,0.680259,342,,273.0,367,,51,1033,420,151854
0.899529,0.775488,338,,264.0,396,,63,1061,416,136817
0.854635,0.683421,302,,289.0,383,,52,1026,408,150127
1.01123,0.781075,368,,285.0,516,,50,1219,419,156067
0.977808,0.806943,381,,276.0,484,,63,1204,447,149205
1.17778,1.07635,1172,,924.0,1256,,234,3586,1113,333164
1.21947,1.05869,1285,,853.0,1247,,197,3582,1160,338343
1.3069,1.11523,1393,,992.0,1525,,212,4122,1216,369609
1.33931,1.12381,1439,,997.0,1599,,213,4248,1237,377999
1.58374,1.25489,1639,,1190.0,1894,,282,5005,1280,398840
1.47072,1.33661,1563,,1251.0,1929,,295,5038,1272,376924
1.6112,1.37864,1679,,1331.0,1951,,315,5276,1277,382697
1.82699,1.60829,1666,,1249.0,1593,,294,4802,1301,298578
1.77482,1.48311,1858,,1583.0,2176,,349,5966,1325,402264
1.94451,1.65374,1987,,1534.0,2463,,387,6371,1328,385248
2.35512,2.00679,2241,,1997.0,3063,,396,7697,1318,383548
3.10878,2.56857,2696,,2293.0,3058,,530,8577,1287,333921
3.28238,3.05278,2678,,2882.0,2561,,721,8842,1273,289638
2.62914,2.42504,2422,,2817.0,2366,,734,8339,1319,343871
2.2515,2.00195,2272,,2155.0,2921,,534,7882,1339,393716
2.35858,2.05869,2249,,1999.0,3150,,460,7858,1297,381699
2.41881,2.21277,2643,,2281.0,3646,,544,9114,1331,411882
2.52752,2.3222,2612,,2288.0,4153,,498,9551,1320,411291
2.64954,2.49279,2754,,2543.0,4593,,537,10427,1311,418286
3.12935,2.79489,2624,,2992.0,4979,,631,11226,1288,401661
3.12442,2.96911,2753,,3073.0,5284,,791,11901,1288,400827
3.13099,2.83959,2579,,2989.0,5008,,767,11343,1275,399459
3.08261,2.77799,2564,,2913.0,5106,,678,11261,1257,405365
2.64431,2.47287,2330,,2231.0,4154,,607,9322,1241,376971
2.42295,2.18061,1895,,1919.0,3709,,541,8064,1217,369804
2.31141,2.0168,1697,,1745.0,3393,,478,7313,1165,362605
1.86383,1.64101,1437,,1299.0,2660,,342,5738,1133,349662
1.44943,1.35829,1181,,1067.0,2014,,285,4547,1087,334760
1.30227,1.1428,959,,873.0,1479,,239,3550,1045,310641
1.13459,1.04031,836,,779.0,1382,,180,3177,1017,305389
1.06255,0.964347,745,,637.0,1208,,190,2780,958,288278
1.03428,0.937982,745,,621.0,1039,,187,2592,919,276338
1.01791,0.947449,715,,582.0,969,,162,2428,877,256267
0.918151,0.891918,699,,452.0,764,,146,2061,783,231075
0.93099,0.864643,572,,404.0,561,,108,1645,649,190252
0.857294,0.97032,754,,564.0,626,,131,2075,635,213847
0.786294,0.84439,514,,388.0,447,,81,1430,615,169353
0.719426,0.77487,463,,328.0,409,,100,1300,610,167770
0.718868,0.821372,466,,323.0,390,,92,1271,572,154741
0.774807,0.872745,437,,305.0,402,,71,1215,565,139216
0.76598,0.922635,549,,449.0,511,,108,1617,577,175259
0.642809,0.899487,541,,460.0,440,,112,1553,564,172654
0.622033,0.843082,502,,422.0,403,,128,1455,564,172581
0.616326,0.881824,508,,402.0,430,,88,1428,551,161937
0.685694,0.817145,473,,383.0,435,,82,1373,547,168024
0.622697,0.8715,510,,390.0,466,,91,1457,536,167183
0.611817,0.738621,404,,279.0,379,,76,1138,503,154071
0.638831,0.797966,398,,292.0,457,,77,1224,488,153390
0.806627,1.01394,492,,396.0,506,,69,1463,491,144289
0.762448,0.880936,446,,361.0,521,,78,1406,487,159603
0.813406,0.943366,511,,362.0,534,,80,1487,455,157627
0.807934,0.891546,476,,364.0,512,,81,1433,469,160732
1.15384,1.20322,1434,,1116.0,1699,,264,4513,1323,375076
1.14819,1.05788,1278,,992.0,1602,,200,4072,1361,384920
1.22736,1.13054,1543,,1099.0,1830,,265,4737,1425,419005
1.21744,1.12552,1582,,1086.0,1996,,224,4888,1445,434287
1.32813,1.20808,1672,,1157.0,2270,,281,5380,1473,445334
1.47754,1.34952,2112,,1320.0,2393,,314,6139,1497,454901
1.5339,1.4689,2355,,1342.0,2681,,290,6668,1474,453945
1.91269,1.82767,2188,,1409.0,2202,,357,6156,1488,336822
1.838,1.6656,2573,,1774.0,2792,,391,7530,1486,452089
1.95376,1.85968,2643,,1804.0,3244,,431,8122,1493,436741
2.40407,2.38891,3270,,2177.0,4470,,479,10396,1492,435177
2.87453,2.78978,3387,,2237.0,4065,,503,10192,1435,365334
3.02597,3.11549,3243,,2216.0,2868,,586,8913,1359,286087
2.37817,2.26942,2927,,2394.0,2481,,584,8386,1490,369521
2.09232,1.86355,2507,,2018.0,2756,,480,7761,1467,416464
2.29396,1.99986,2548,,1701.0,3248,,412,7909,1470,395477
2.74501,2.4406,3410,,2257.0,4684,,537,10888,1495,446119
3.04434,2.83018,3456,,2559.0,5648,,457,12120,1472,428241
3.49999,3.12343,3840,,2910.0,6995,,452,14197,1484,454533
3.57851,3.27019,3879,,2955.0,6668,,529,14031,1461,429057
3.28979,3.17757,3728,,3175.0,6537,,608,14048,1460,442099
2.89149,2.72364,3016,,2778.0,5429,,578,11801,1428,433281
2.62075,2.50201,2798,,2533.0,4937,,447,10715,1408,428255
2.53387,2.4272,2668,,2426.0,4031,,472,9597,1361,395394
2.07251,1.96041,2049,,1857.0,3307,,349,7562,1333,385735
1.87084,1.5914,1664,,1625.0,2508,,351,6148,1303,386327
1.40042,1.36978,1445,,1379.0,1803,,331,4958,1284,361955
1.46887,1.36317,1429,,1274.0,1821,,345,4869,1240,357183
1.15514,1.1737,1257,,1112.0,1523,,287,4179,1206,356055
1.07901,1.06358,1152,,937.0,1386,,220,3695,1152,347413
0.98492,0.969711,969,,755.0,1143,,210,3077,1119,317311
1.03325,0.965362,917,,713.0,1055,,175,2860,1057,296262
0.926649,0.856749,815,,590.0,861,,176,2442,1025,285031
0.9201,0.863346,761,,561.0,785,,136,2243,925,259803
0.954094,0.93537,722,,554.0,652,,130,2058,831,220020
0.763278,0.745569,628,,422.0,510,,119,1679,796,225197
0.81722,0.740428,598,,413.0,469,,134,1614,771,217982
0.764586,0.672897,521,,394.0,441,,100,1456,749,216378
0.793127,0.666282,514,,431.0,408,,102,1455,742,218376
0.66909,0.662747,394,,313.0,360,,102,1169,711,176387
0.62115,0.545619,366,,296.0,372,,52,1086,697,199040
0.603659,0.586231,446,,335.0,345,,85,1211,698,206574
0.649058,0.660687,477,,391.0,392,,96,1356,691,205241
0.568338,0.534093,321,,344.0,311,,61,1037,677,194161
0.651546,0.585549,389,,320.0,385,,78,1172,667,200154
0.652176,0.618075,439,,338.0,411,,95,1283,666,207580
0.803849,0.687465,495,,408.0,457,,88,1448,671,210629
0.787458,0.715696,502,,416.0,500,,108,1526,652,213219
0.943263,0.829313,519,,417.0,545,,73,1554,641,187384
0.946932,0.800912,496,,417.0,682,,99,1694,638,211509
0.987146,0.918484,609,,502.0,681,,121,1913,632,208278
1.05206,0.814259,729,,583.0,788,,128,2228,703,273623
0.995184,1.07197,2187,,1167.0,1997,,290,5641,1373,526227
1.22003,1.21786,2387,,1321.0,2433,,303,6444,1429,529126
1.28548,1.24576,2583,,1455.0,2551,,352,6941,1449,557172
1.3775,1.35984,2871,,1400.0,2788,,375,7434,1477,546680
1.46725,1.44671,3074,,1475.0,2998,,368,7915,1485,547104
1.55841,1.53286,3398,,1609.0,3303,,377,8687,1539,566717
1.61958,1.66653,3563,,1780.0,3290,,471,9104,1516,546284
1.8112,1.97488,3651,,1812.0,2631,,476,8570,1523,433951
1.61865,1.67305,3679,,1921.0,3158,,413,9171,1513,548159
1.62124,1.63405,3365,,1772.0,2907,,392,8436,1487,516263
1.67351,1.74595,3298,,1697.0,2694,,402,8091,1453,463416
1.95096,1.93643,3580,,1987.0,2724,,459,8750,1420,451862
2.50019,2.48905,3848,,2184.0,2348,,522,8902,1426,357646
2.43939,2.25405,3737,,2731.0,2568,,670,9706,1486,430603
2.29319,2.09147,3393,,3262.0,3644,,816,11115,1509,531444
2.62907,2.35934,3664,,3038.0,4900,,595,12197,1511,516966
3.92966,3.32331,4289,,4499.0,7661,,722,17171,1508,516683
4.99202,4.43381,5222,,6595.0,11974,,1021,24812,1514,559609
5.7776,5.34547,6059,,9212.0,15323,,1302,31896,1526,596692
5.98318,5.42258,6244,,9487.0,14336,,1558,31625,1518,583210
5.61677,5.30303,5922,,9812.0,12783,,1728,30245,1497,570334
4.53234,4.24456,4978,,8583.0,9958,,1508,25027,1453,589626
3.83249,3.628,4420,,6781.0,7849,,1204,20254,1445,558269
3.21522,3.03463,3878,,5676.0,6112,,1048,16714,1412,550776
2.69245,2.53595,3153,,4520.0,4493,,874,13040,1395,514205
2.03366,2.0573,2689,,3496.0,3395,,796,10376,1379,504350
1.65275,1.7415,2372,,2872.0,2697,,642,8583,1327,492850
1.3113,1.40652,2045,,2160.0,2354,,486,7045,1318,500881
1.1652,1.26861,1857,,1802.0,2013,,407,6079,1288,479187
1.02035,1.07719,1572,,1345.0,1713,,323,4953,1208,459808
0.877607,0.993445,1466,,1107.0,1416,,235,4224,1147,425187
0.825107,0.911212,1356,,1066.0,1381,,208,4011,1098,440183
0.787315,0.972109,1439,,980.0,1274,,211,3904,1074,401601
0.805439,0.993258,1393,,926.0,1116,,211,3646,945,367075
0.886061,1.09132,1473,,1004.0,1083,,243,3803,869,348477
0.743743,0.888446,1159,,729.0,906,,139,2933,789,330127
0.706842,0.887691,1113,,720.0,886,,187,2906,764,327366
0.655943,0.883187,1115,,712.0,855,,160,2842,755,321789
0.633492,0.826756,937,,654.0,810,,133,2534,730,306499
0.571837,0.783201,913,,575.0,762,,155,2405,713,307073
0.558278,0.78061,881,,669.0,749,,132,2431,710,311423
0.597893,0.769073,826,,619.0,703,,171,2319,696,301532
0.577222,0.721298,779,,552.0,704,,131,2166,694,300292
0.596987,0.752527,788,,599.0,763,,139,2289,676,304175
0.564653,0.752721,679,,619.0,706,,216,2220,668,294930
0.585682,0.792766,789,,650.0,745,,184,2368,657,298701
0.503985,0.743896,730,,619.0,754,,134,2237,657,300714
0.468139,0.814166,794,,616.0,892,,127,2429,636,298342
0.576455,0.838401,774,,663.0,880,,144,2461,666,293535
0.681361,0.851124,859,,758.0,994,,177,2788,685,327567
0.794764,1.10976,1062,,958.0,1527,,188,3735,679,336560
0.868116,1.03114,983,,932.0,1306,,179,3400,716,329731
1.06828,1.02284,1535,,1476.0,2352,,324,5687,1435,555999
1.00756,1.03017,1861,,1485.0,2291,,322,5959,1500,578446
0.979399,1.01245,1869,,1467.0,2219,,341,5896,1525,582351
1.04943,1.08359,1976,,1668.0,2474,,367,6485,1527,598473
1.13218,1.16578,2119,,1869.0,2547,,452,6987,1545,599343
1.13156,1.1913,2276,,1981.0,2668,,372,7297,1555,612526
1.15469,1.28075,2512,,1889.0,2854,,412,7667,1555,598635
1.20448,1.27053,2600,,1893.0,2828,,412,7733,1563,608646
1.36081,1.59578,3024,,1741.0,2412,,457,7634,1523,478386
1.30322,1.4585,3114,,2212.0,2913,,469,8708,1551,597052
1.30204,1.49921,3252,,1974.0,3024,,439,8689,1543,579573
1.45109,1.62982,3137,,1640.0,2579,,456,7812,1416,479318
1.79927,2.15561,3897,,1947.0,2367,,495,8706,1484,403876
2.12134,2.02053,3814,,2163.0,2042,,584,8603,1490,425780
1.47138,1.54566,3245,,2606.0,2548,,557,8956,1539,579428
1.61555,1.64224,3142,,2329.0,3345,,473,9289,1512,565631
1.95333,1.96524,3602,,2821.0,4597,,436,11456,1566,582932
2.42907,2.34368,4039,,3215.0,6602,,468,14324,1554,611176
2.96686,2.86057,4606,,4240.0,8882,,540,18268,1580,638613
3.57354,3.3421,5064,,4636.0,11215,,752,21667,1569,648304
3.36653,3.20566,4848,,4685.0,9851,,638,20022,1543,624583
3.2962,3.10049,4694,,5007.0,10092,,657,20450,1544,659573
3.17227,2.95819,4420,,4272.0,9116,,633,18441,1534,623389
2.5804,2.46381,4046,,3601.0,7446,,618,15711,1524,637672
2.42922,2.19272,3657,,3002.0,6036,,582,13277,1494,605503
1.99028,1.87395,3237,,2661.0,5052,,450,11400,1470,608342
1.72423,1.64817,2829,,2158.0,4283,,399,9669,1440,586651
1.60355,1.49878,2577,,2085.0,3407,,391,8460,1422,564460
1.28418,1.29233,2371,,1727.0,2761,,363,7222,1415,558837
1.2932,1.27164,2353,,1743.0,2855,,397,7348,1445,577836
2.74012,2.98159,4821,,5093.0,8043,,670,18627,1405,624734
2.22391,2.43702,3920,,3875.0,6221,,562,14578,1422,598189
1.76657,2.2813,3236,,3018.0,5888,,412,12554,1372,550300
1.92171,3.81572,4188,,4136.0,12026,,424,20774,1331,544432
1.8611,4.21315,4496,,4950.0,12461,,487,22394,1314,531526
1.68423,3.17832,3865,,4213.0,8615,,412,17105,1305,538177
1.7393,2.50972,3072,,3276.0,5660,,384,12392,1296,493761
1.83001,2.06632,2623,,3084.0,4740,,333,10780,1280,521701
1.58128,1.71805,2299,,2476.0,3700,,326,8801,1279,512268
1.49172,1.55965,2145,,2023.0,2893,,361,7422,1237,475877
1.389,1.30856,1701,,1815.0,2481,,293,6290,1246,480680
1.34702,1.18695,1581,,1708.0,2437,,238,5964,1248,502466
1.16056,1.13796,1608,,1611.0,2285,,231,5735,1248,503971
1.2085,1.15005,1519,,1575.0,2199,,294,5587,1254,485804
1.15544,1.11262,1651,,1530.0,2082,,263,5526,1230,496666
1.14518,1.16142,1645,,1646.0,2321,,265,5877,1234,506019
1.4664,1.64107,2167,,2168.0,4210,,396,8941,1286,544827
2.38017,2.47166,2883,,2977.0,8253,,443,14556,1320,588916
3.44681,3.71969,3713,,3982.0,13114,,541,21350,1358,573972
4.05315,3.94975,4087,,4547.0,13407,,520,22561,1367,571201
4.26621,4.08756,4445,,5668.0,15326,,652,26091,1380,638302
4.21579,4.01897,4462,,5252.0,14152,,588,24454,1313,608464
4.8861,4.60362,4974,,6090.0,16291,,564,27919,1331,606458
6.06923,5.66087,9302,8554.0,,27406,2255.0,903,48420,2056,855346
7.09467,6.81522,11527,10271.0,,32585,2800.0,1013,58196,2134,853912
7.7151,7.61889,13187,12399.0,,39364,3048.0,1070,69068,2162,906536
7.55134,7.38836,13174,12166.0,,36860,3083.0,1128,66411,2167,898860
6.67118,6.33927,12161,10250.0,,30860,2672.0,1074,57017,2197,899425
5.20633,4.94349,10151,8174.0,,21112,2314.0,978,42729,2191,864348
4.04477,3.80996,8979,6163.0,,14652,1843.0,883,32520,2157,853552
3.49722,3.44106,7716,4378.0,,8237,1406.0,771,22508,2146,654101
2.69023,2.66773,7195,4259.0,,7988,1470.0,818,21730,2122,814550
2.47119,2.47183,6490,3588.0,,7218,1314.0,715,19325,2093,781811
2.44773,2.345,6275,3249.0,,5785,1113.0,659,17081,2014,728401
2.64594,2.71435,6078,2677.0,,4127,1049.0,644,14575,1934,536961
2.61567,2.67667,6598,3202.0,,3726,1284.0,803,15613,1937,583299
1.90712,1.98284,4998,3333.0,,3961,1244.0,763,14299,1996,721138
1.86738,1.82749,4877,2793.0,,4614,1182.0,622,14088,2016,770895
1.88072,1.92606,5399,2693.0,,5079,1008.0,578,14757,2053,766177
1.96908,1.92495,5333,2560.0,,5655,1046.0,528,15122,2026,785580
2.11387,2.08877,5816,2581.0,,6142,948.0,550,16037,1996,767773
2.09695,2.03434,5496,2644.0,,5577,1006.0,658,15381,1977,756068
1.90294,1.97649,5388,2649.0,,5536,994.0,498,15065,1954,762208
1.96951,1.99362,5040,2943.0,,6207,1218.0,679,16087,1990,806925
1.92331,1.85383,4281,2763.0,,5685,1085.0,672,14486,1953,781411
1.89659,1.8673,4612,2660.0,,5270,1112.0,700,14354,1946,768702
1.75181,1.69987,4063,2468.0,,4466,976.0,628,12601,1933,741293
1.52632,1.49741,3625,2097.0,,4108,827.0,534,11191,1917,747358
1.49572,1.45112,3408,1954.0,,3733,736.0,528,10359,1875,713863
1.22313,1.20715,3090,1718.0,,2933,644.0,428,8813,1850,730068
1.17754,1.17415,3117,1572.0,,3110,598.0,404,8801,1831,749563
1.09112,1.16207,2921,1461.0,,3044,522.0,414,8362,1765,719580
1.11958,1.17213,3081,1435.0,,2972,557.0,395,8440,1755,720054
1.08169,1.12168,2781,1385.0,,2901,482.0,365,7914,1710,705551
1.12497,1.14981,2851,1363.0,,2645,491.0,347,7697,1664,669414
1.06197,1.13328,2816,1364.0,,2553,498.0,372,7603,1624,670887
1.08909,1.08171,2636,1235.0,,2188,445.0,349,6853,1497,633532
1.1776,1.19959,2413,1212.0,,2172,463.0,335,6595,1421,549773
0.97493,0.952808,2147,1081.0,,1831,374.0,322,5755,1435,604004
0.987132,0.916032,1975,978.0,,1784,339.0,240,5316,1405,580329
0.995991,0.926582,2027,882.0,,1779,397.0,249,5334,1384,575664
0.904726,0.86962,1754,862.0,,1541,323.0,238,4718,1347,542536
0.941927,0.903133,1753,816.0,,1566,334.0,222,4691,1353,519414
0.880415,0.773776,1458,819.0,,1450,298.0,209,4234,1284,547187
0.842615,0.742774,1323,759.0,,1335,335.0,198,3950,1265,531790
0.858382,0.730934,1290,805.0,,1279,302.0,174,3850,1250,526723
0.83383,0.786882,1381,839.0,,1357,291.0,209,4077,1241,518121
0.847437,0.763051,1378,809.0,,1307,300.0,214,4008,1212,525260
0.888273,0.841043,1485,883.0,,1592,360.0,198,4518,1225,537190
0.765372,0.791573,1520,811.0,,1592,295.0,202,4420,1235,558382
0.91858,0.912732,1564,1019.0,,1866,354.0,204,5007,1170,548573
1.01432,1.03398,1850,1076.0,,1959,374.0,234,5493,1198,531250
1.01233,0.934009,1720,1061.0,,2118,358.0,253,5510,1210,589930
1.11803,1.08189,2134,1291.0,,2510,480.0,326,6741,1206,623077
1.11806,1.06563,1995,1269.0,,2383,446.0,294,6387,1254,599366
1.10939,1.13505,2627,1677.0,,3142,627.0,400,8473,1838,746485
1.24341,1.25256,2953,1779.0,,3522,649.0,444,9347,1875,746230
1.25726,1.2457,3044,1898.0,,3641,690.0,411,9684,1907,777397
1.25734,1.26774,3226,1754.0,,3822,682.0,420,9904,1929,781234
1.43414,1.43723,3451,1981.0,,4397,736.0,455,11020,1947,766753
1.51838,1.53341,3927,1956.0,,4679,734.0,511,11807,1940,769982
1.61617,1.69445,4416,2327.0,,5322,774.0,497,13336,1921,787038
1.84378,1.9915,4598,2043.0,,4145,743.0,550,12079,1938,606527
1.72535,1.81305,5045,2440.0,,4978,915.0,619,13997,1964,772016
1.87923,2.01426,5060,2511.0,,5867,893.0,627,14958,1936,742606
2.3371,2.55659,6300,2847.0,,7194,1031.0,650,18022,1916,704923
3.03533,3.38185,7295,3433.0,,7071,1262.0,838,19899,1840,588406
3.136,3.43172,7478,4455.0,,5764,1581.0,1068,20346,1887,592880
2.53336,2.69151,6584,4455.0,,6342,1586.0,1059,20026,1923,744043
2.91288,2.91063,6238,4220.0,,7773,1537.0,953,20721,1921,711908
3.44497,3.49232,7247,5095.0,,11243,1734.0,938,26257,1964,751850
4.16185,4.0037,8007,5952.0,,15291,1794.0,931,31975,1947,798637
4.55159,4.43534,8195,6536.0,,16366,1990.0,1197,34284,1970,772974
4.46504,4.24215,8036,6812.0,,16516,1996.0,1096,34456,1961,812230
4.55124,4.39719,8172,7257.0,,17493,2352.0,1293,36567,1910,831600
4.0822,3.90256,7839,6425.0,,13718,2028.0,1267,31277,1908,801449
3.38812,3.15073,6376,4869.0,,10496,1740.0,1146,24627,1860,781629
2.99142,2.72422,5691,3939.0,,8427,1421.0,899,20377,1829,747993
2.61542,2.33336,5363,3265.0,,6702,1175.0,804,17309,1823,741807
2.09065,1.925,4400,2551.0,,5489,978.0,613,14031,1790,728883
1.86146,1.75243,4189,2244.0,,5025,877.0,622,12957,1770,739375
1.61377,1.57704,3701,1985.0,,4557,747.0,508,11498,1723,729089
1.42199,1.35766,3164,1574.0,,3562,641.0,450,9391,1681,691707
1.3382,1.31223,3139,1505.0,,3064,559.0,428,8695,1651,662612
1.19995,1.14937,2895,1324.0,,2673,555.0,383,7830,1612,681240
1.14889,1.11451,2532,1305.0,,2553,524.0,393,7307,1585,655627
1.12194,1.10984,2551,1254.0,,2595,485.0,351,7236,1556,651983
1.06712,1.0524,2353,1131.0,,2280,461.0,305,6530,1516,620485
1.05058,1.03536,2213,1045.0,,2110,405.0,299,6072,1381,586460
1.15203,1.11777,2249,1013.0,,1980,397.0,307,5946,1357,531954
0.970975,0.982949,2040,1037.0,,1760,432.0,278,5547,1296,564322
0.894683,0.925194,1812,911.0,,1599,405.0,262,4989,1279,539238
0.843568,0.835531,1604,870.0,,1422,308.0,244,4448,1251,532356
0.815409,0.832393,1472,750.0,,1462,324.0,210,4218,1225,506732
0.823052,0.855591,1423,823.0,,1269,270.0,224,4009,1211,468565
0.674635,0.706949,1255,756.0,,1206,316.0,188,3721,1220,526346
0.631883,0.694387,1243,733.0,,1184,259.0,178,3597,1203,518011
0.641513,0.687976,1251,667.0,,1188,263.0,169,3538,1179,514262
0.529813,0.644743,1088,635.0,,1125,203.0,151,3202,1175,496632
0.644089,0.67533,1207,704.0,,1223,231.0,158,3523,1175,521671
0.667718,0.72823,1342,767.0,,1358,241.0,166,3874,1191,531975
0.705668,0.806526,1505,814.0,,1600,305.0,220,4444,1195,551005
0.804155,0.860408,1528,887.0,,1781,308.0,213,4717,1200,548228
0.907804,0.936075,1622,904.0,,1809,293.0,185,4813,1184,514168
1.00555,0.966683,1788,1022.0,,2206,346.0,205,5567,1196,575887
1.03601,0.996007,1816,1126.0,,2264,374.0,242,5822,1201,584534
1.07583,1.10846,2248,1253.0,,2514,449.0,244,6708,1213,605162
1.16092,1.20345,3106,1765.0,,3485,632.0,377,9365,1850,778182
1.19785,1.23777,3317,1777.0,,3667,672.0,370,9803,1883,791987
1.27926,1.25259,3324,1763.0,,3837,655.0,379,9958,1905,794995
1.29194,1.30546,3453,1773.0,,4035,657.0,380,10298,1900,788840
1.42824,1.45295,3634,1957.0,,4658,760.0,387,11396,1925,784334
1.39803,1.44089,3949,2072.0,,4348,671.0,456,11496,1946,797839
1.45831,1.46221,3923,2166.0,,4361,797.0,474,11721,1900,801594
1.56548,1.65573,4125,1803.0,,3340,679.0,430,10377,1918,626731
1.34313,1.46606,4237,2059.0,,3955,815.0,413,11479,1904,782984
1.48139,1.51811,3995,1938.0,,4040,772.0,442,11187,1898,736905
1.63398,1.66429,4579,2077.0,,4097,838.0,546,12137,1872,729258
1.83126,1.85274,5016,2068.0,,3535,818.0,521,11958,1851,645424
2.10451,2.12413,5243,2315.0,,3184,946.0,668,12356,1821,581697
1.73625,1.76709,4514,2342.0,,3393,1028.0,715,11992,1891,678631
1.55066,1.5434,4059,2319.0,,3636,918.0,611,11543,1883,747894
1.62891,1.64762,4364,2247.0,,4030,800.0,498,11939,1887,724623
1.76038,1.6843,4766,2303.0,,4802,825.0,513,13209,1891,784244
1.92728,1.86354,5218,2415.0,,5336,915.0,564,14448,1885,775298
1.91994,1.86408,5028,2582.0,,5555,894.0,565,14624,1875,784516
2.09951,2.01839,5277,2937.0,,5994,1054.0,667,15929,1884,789193
2.23973,2.10385,5246,3009.0,,5990,1131.0,761,16137,1853,767022
2.21921,2.09555,5219,3141.0,,6239,1153.0,766,16518,1826,788242
2.16693,2.10398,4811,2832.0,,6493,998.0,629,15763,1816,749198
2.38913,2.2941,5175,3321.0,,6768,1185.0,701,17150,1819,747570
1.96466,1.92223,4422,2822.0,,5683,988.0,609,14524,1780,755579
1.84229,1.74239,3807,2485.0,,5256,920.0,549,13017,1753,747079
1.68674,1.67601,3582,2306.0,,4631,839.0,572,11930,1729,711808
1.53136,1.49637,3253,2109.0,,4059,767.0,544,10732,1707,717202
1.37912,1.38202,3001,1990.0,,4020,719.0,393,10123,1699,732480
1.29515,1.28926,2638,1831.0,,3802,664.0,435,9370,1675,726772
1.39521,1.35803,2509,1728.0,,3671,636.0,455,8999,1564,662649
1.32522,1.30833,2524,1559.0,,3468,606.0,419,8576,1546,655492
1.23059,1.26692,2465,1547.0,,3087,588.0,375,8062,1503,636347
1.23028,1.27731,2545,1461.0,,3011,483.0,378,7878,1415,616765
1.26877,1.2991,2480,1276.0,,2601,446.0,350,7153,1409,550614
1.10782,1.16297,2336,1281.0,,2352,458.0,338,6765,1365,581700
1.09559,1.08612,2231,1150.0,,2024,428.0,300,6133,1289,564670
1.11031,1.0568,2259,1119.0,,1974,411.0,285,6048,1295,572296
1.10616,1.07871,2168,1058.0,,1850,422.0,288,5786,1260,536380
1.10816,1.04662,1911,1013.0,,1706,388.0,273,5291,1271,505533
0.999444,0.928152,1913,964.0,,1751,337.0,220,5185,1240,558637
0.924199,0.901936,1818,914.0,,1640,318.0,241,4931,1223,546713
0.949257,0.915356,1752,975.0,,1721,372.0,283,5103,1250,557488
0.978903,0.952548,1728,1050.0,,1706,408.0,267,5159,1240,541600
0.925024,0.916661,1660,989.0,,1718,375.0,284,5026,1248,548294
0.848456,0.901787,1721,986.0,,1755,357.0,232,5051,1238,560110
1.04451,1.03315,2098,1194.0,,2128,425.0,296,6141,1238,594395
1.0986,1.05238,1958,1305.0,,2335,443.0,277,6318,1238,600354
1.22071,1.12713,1886,1317.0,,2294,481.0,318,6296,1242,558585
1.24976,1.1866,2176,1408.0,,2870,513.0,415,7382,1252,622114
1.22892,1.21415,2295,1530.0,,2972,511.0,348,7656,1268,630563
1.29393,1.25198,2421,1546.0,,2867,575.0,398,7807,1248,623572
1.23034,1.20559,2773,1814.0,,3691,702.0,415,9395,1932,779285
1.3278,1.31929,2960,1957.0,,4007,745.0,489,10158,1940,769959
1.33995,1.32737,3202,1902.0,,4233,760.0,488,10585,1968,797444
1.37842,1.36688,3346,2012.0,,4268,771.0,516,10913,1958,798388
1.50085,1.50535,3326,2032.0,,4422,797.0,484,11061,1929,734781
1.65163,1.61273,3733,2330.0,,5145,925.0,541,12674,1974,785871
1.76746,1.75208,4034,2569.0,,5526,897.0,597,13623,1966,777534
2.30609,2.33365,4651,2824.0,,5387,1105.0,683,14650,1968,627772
2.16324,2.2268,5102,3950.0,,7018,1498.0,953,18521,2006,831730
2.83038,2.97657,6486,4672.0,,10857,1791.0,1071,24877,2006,835762
3.43761,3.62552,7446,5692.0,,12945,2087.0,1262,29432,1977,811800
4.30554,4.5532,8546,7437.0,,13971,2730.0,1648,34332,1908,754019
6.06082,6.02598,9709,9295.0,,11391,3639.0,2554,36588,1905,607171
4.64931,4.96368,8444,9679.0,,9108,4080.0,2792,34103,1982,687051
4.32584,4.69072,8297,10877.0,,13424,4502.0,2796,39896,1995,850531
4.51113,4.70473,8633,8977.0,,15992,3523.0,2316,39441,2008,838326
4.2171,4.1646,7441,7021.0,,13439,2760.0,1765,32426,1978,778610
3.78956,3.69533,6609,6421.0,,12653,2551.0,1574,29808,1963,806640
3.29206,3.2363,5757,5236.0,,10816,1971.0,1207,24987,1931,772086
3.0197,2.89421,5289,4698.0,,9395,1894.0,1045,22321,1926,771229
2.71499,2.71742,5099,4357.0,,8415,1625.0,1023,20519,1940,755092
2.4845,2.52297,4633,4030.0,,7981,1619.0,968,19231,1893,762238
2.57808,2.55227,4791,3935.0,,7709,1536.0,858,18829,1884,737736
2.39237,2.43225,4480,3606.0,,7065,1352.0,889,17392,1846,715059
2.06778,2.10851,3957,3191.0,,6095,1270.0,741,15254,1825,723449
1.90281,1.94725,3830,2924.0,,5204,1124.0,632,13714,1811,704276
1.65902,1.74859,3516,2677.0,,4299,1106.0,675,12273,1769,701881
1.43006,1.49713,3110,2219.0,,3929,957.0,603,10818,1742,722583
1.27757,1.32313,2707,1757.0,,3509,724.0,491,9188,1732,694415
1.19009,1.22647,2588,1630.0,,3364,582.0,425,8589,1711,700300
1.09556,1.19614,2439,1470.0,,3142,565.0,370,7986,1675,667648
1.08589,1.19049,2422,1474.0,,2877,570.0,361,7704,1630,647130
1.07343,1.17426,2431,1345.0,,2583,565.0,393,7317,1582,623114
1.01677,1.13342,2230,1279.0,,2219,493.0,368,6589,1489,581338
1.04847,1.14306,2109,1147.0,,2094,483.0,357,6190,1486,541528
0.920349,1.00881,1983,1086.0,,1779,460.0,330,5638,1421,558875
0.920779,1.02358,1969,1112.0,,1713,468.0,277,5539,1419,541138
0.904333,1.00138,1877,1040.0,,1766,489.0,302,5474,1405,546643
0.83057,0.909498,1703,947.0,,1581,399.0,285,4915,1389,540408
0.862837,0.950042,1594,851.0,,1489,321.0,251,4506,1357,474295
0.732182,0.829299,1576,862.0,,1491,362.0,219,4510,1362,543833
0.724558,0.802109,1432,849.0,,1405,315.0,185,4186,1341,521874
0.740848,0.806333,1416,800.0,,1464,332.0,221,4233,1325,524969
0.726037,0.796937,1216,852.0,,1284,350.0,184,3886,1290,487617
0.755639,0.779136,1367,870.0,,1338,302.0,198,4075,1299,523015
0.761847,0.797653,1364,919.0,,1366,331.0,188,4168,1276,522533
0.779896,0.825485,1331,892.0,,1561,301.0,232,4317,1265,522965
0.899138,0.935469,1499,1014.0,,1814,410.0,316,5053,1260,540157
0.999524,1.04345,1681,1137.0,,2035,462.0,311,5626,1317,539175
1.0558,1.09107,1926,1217.0,,2437,440.0,354,6374,1307,584196
1.0967,1.20108,2175,1350.0,,2683,537.0,365,7110,1290,591969
1.24709,1.26179,2393,1500.0,,2963,648.0,459,7963,1364,631088
1.15746,1.13249,2974,1840.0,,3769,638.0,456,9677,1960,854487
1.27184,1.21121,3276,1924.0,,3925,762.0,533,10420,1990,860298
1.31623,1.25682,3483,2010.0,,3880,785.0,500,10658,2018,848016
1.37444,1.37097,3930,2292.0,,4484,816.0,514,12036,2027,877917
1.46781,1.42956,4045,2354.0,,4642,930.0,531,12502,2028,874537
1.5834,1.53588,4434,2511.0,,5062,953.0,538,13498,2017,878845
1.60253,1.60267,4643,2716.0,,5000,990.0,578,13927,2054,868987
1.72344,1.73267,4835,3088.0,,5579,1083.0,583,15168,2012,875411
2.11076,2.09858,4937,3027.0,,4313,1059.0,639,13975,2042,665926
2.1708,2.21374,5549,4375.0,,6579,1552.0,865,18920,2055,854664
2.36971,2.41674,5501,4458.0,,7046,1591.0,802,19398,2054,802651
3.15997,3.03071,6555,6525.0,,8406,2272.0,939,24697,2009,814891
4.59053,4.38724,7814,7499.0,,7485,2874.0,1316,26988,2007,615148
4.28195,4.2112,7488,9135.0,,6726,3555.0,1750,28654,2033,680424
3.56288,3.46492,6233,8846.0,,7881,3565.0,1622,28147,2059,812343
3.36378,3.31698,6007,8091.0,,9517,3149.0,1606,28370,2049,855297
3.39659,3.2407,5878,6818.0,,8858,2616.0,1332,25502,2062,786928
3.11922,2.88598,5133,6031.0,,8714,2403.0,1203,23484,2051,813726
2.83572,2.62172,4729,5278.0,,7711,2242.0,1125,21085,2051,804244
2.48484,2.34067,4210,4470.0,,6717,1829.0,969,18195,2018,777340
2.2741,2.12059,4250,4306.0,,6121,1684.0,873,17234,2025,812700
2.07244,1.91094,3953,3691.0,,5875,1505.0,890,15914,1978,832786
1.98207,1.9023,3775,3472.0,,5575,1430.0,792,15044,1944,790831
1.82441,1.76619,3616,3210.0,,5022,1360.0,816,14024,1904,794024
1.82036,1.85791,3798,3285.0,,5611,1422.0,810,14926,1922,803374
1.75391,1.82094,3523,3256.0,,5812,1298.0,772,14661,1887,805133
1.74542,1.83453,3582,3153.0,,5659,1436.0,807,14637,1866,797863
1.67236,1.75446,3574,2943.0,,5587,1316.0,786,14206,1845,809707
1.51659,1.51636,3130,2516.0,,4279,1088.0,710,11723,1810,773101
1.44778,1.40334,2846,2504.0,,3770,1036.0,658,10814,1771,770592
1.29028,1.2593,2501,2084.0,,3591,913.0,559,9648,1746,766139
1.37388,1.32482,2789,2009.0,,3615,834.0,528,9775,1714,737834
1.34208,1.27576,2544,1876.0,,3256,825.0,532,9033,1660,708049
1.34563,1.29483,2733,1742.0,,3068,771.0,483,8797,1570,679395
1.21291,1.2261,2528,1542.0,,2459,625.0,504,7658,1554,624582
1.19291,1.14538,2383,1492.0,,2349,607.0,398,7229,1461,631143
1.14146,1.0678,2227,1413.0,,2181,561.0,401,6783,1461,635233
1.06503,1.07269,2159,1285.0,,2009,528.0,388,6369,1392,593740
1.12669,1.01298,2049,1235.0,,1917,509.0,328,6038,1411,596063
0.947353,0.994705,1865,1075.0,,1688,416.0,308,5352,1388,538049
0.944187,0.880862,1758,1122.0,,1623,441.0,351,5295,1394,601116
0.934822,0.858173,1582,1116.0,,1621,403.0,361,5083,1376,592305
0.81736,0.805152,1455,1128.0,,1450,398.0,334,4765,1372,591814
0.852792,0.818781,1450,1094.0,,1655,417.0,326,4942,1378,603580
0.746994,0.783735,1460,1074.0,,1528,409.0,273,4744,1382,605307
0.761098,0.848703,1528,1107.0,,1631,403.0,311,4980,1369,586778
0.767627,0.834146,1569,1196.0,,1813,412.0,315,5305,1371,635980
0.862176,0.905981,1684,1223.0,,2184,401.0,307,5799,1353,640080
0.984907,1.04506,1753,1284.0,,2258,453.0,302,6050,1352,578913
1.16287,1.16816,2300,1550.0,,3316,568.0,396,8130,1401,695966
1.22731,1.27649,2535,1705.0,,3650,605.0,393,8888,1405,696282
1.2071,1.29758,2522,1820.0,,3447,657.0,428,8874,1407,683887
1.16191,1.20612,2958,1959.0,,3994,712.0,527,10150,1937,841540
1.30905,1.32485,3055,2116.0,,4437,821.0,548,10977,1960,828544
1.37072,1.41192,3442,2321.0,,4728,870.0,580,11941,2000,845727
1.43373,1.42547,3455,2459.0,,4955,892.0,531,12292,2008,862314
1.42791,1.43909,3632,2242.0,,5102,807.0,530,12313,2053,855608
1.61605,1.61532,4277,2349.0,,5799,863.0,565,13853,2058,857601
1.65976,1.66473,4424,2323.0,,5816,911.0,588,14062,1997,844700
2.05459,2.0058,4740,2921.0,,7322,1049.0,642,16674,2058,831289
2.53541,2.62227,5432,3277.0,,6848,1165.0,880,17602,2067,671251
2.54253,2.60749,6185,4623.0,,9106,1767.0,1224,22905,2097,878430
3.60563,3.4178,7424,5287.0,,13050,1970.0,1441,29172,2069,853532
4.90976,4.46555,9270,6920.0,,16418,2671.0,2103,37382,2016,837119
5.98221,6.11497,10363,8982.0,,13951,3718.0,3519,40533,1984,662849
5.47421,5.30979,9732,9348.0,,9406,4288.0,4117,36891,1983,694773
4.21374,4.07898,7160,8072.0,,9589,3614.0,3048,31483,1958,771835
4.21022,3.93762,7044,6946.0,,11966,2909.0,2339,31204,1971,792459
4.25968,4.15076,7840,6451.0,,13949,2951.0,2030,33221,1966,800359
3.97761,3.87899,7118,5844.0,,13159,2585.0,1915,30621,1955,789407
3.63443,3.45794,6656,5380.0,,12093,2368.0,1654,28151,1950,814097
3.26527,3.06359,6429,4884.0,,10328,2072.0,1505,25218,1917,823153
2.93083,2.82646,5537,4295.0,,8164,1842.0,1271,21109,1907,746836
2.54474,2.3599,4823,4061.0,,7280,1765.0,1249,19178,1934,812660
2.47227,2.33472,4639,3914.0,,7116,1696.0,1076,18441,1912,789858
2.35665,2.21286,4710,3654.0,,6748,1654.0,1067,17833,1907,805881
2.17008,2.07619,4559,3482.0,,6084,1573.0,997,16695,1883,804117
2.04297,2.01267,4418,3284.0,,6003,1486.0,931,16122,1848,801027
1.954,1.94192,4174,2968.0,,5623,1321.0,889,14975,1819,771143
1.72287,1.74809,3903,2931.0,,4634,1387.0,878,13733,1820,785602
1.53694,1.50367,3448,2448.0,,4214,1160.0,774,12044,1813,800974
1.38283,1.43494,3182,2052.0,,4011,975.0,640,10860,1768,756827
1.46265,1.45673,3203,2122.0,,4280,888.0,602,11095,1753,761638
1.38934,1.42836,3106,2074.0,,4079,846.0,589,10694,1735,748690
1.3468,1.35297,2805,1810.0,,3641,813.0,602,9671,1688,714799
1.25452,1.33093,2754,1768.0,,3296,736.0,470,9024,1622,678023
1.21636,1.28422,2593,1461.0,,2714,652.0,493,7913,1579,616171
1.16734,1.13889,2211,1334.0,,2345,594.0,462,6946,1505,609891
1.04654,1.10343,2109,1320.0,,2284,575.0,456,6744,1455,611184
0.943661,0.970748,1734,1167.0,,2046,495.0,408,5850,1459,602628
0.935046,0.998681,1897,1170.0,,1921,496.0,429,5913,1445,592081
0.934726,0.978057,1678,1043.0,,1701,430.0,380,5232,1417,534938
0.864118,0.866431,1546,1081.0,,1675,443.0,371,5116,1428,590468
0.806535,0.827757,1487,1028.0,,1609,405.0,341,4870,1411,588337
0.742747,0.797572,1383,1011.0,,1498,413.0,321,4626,1401,580010
0.737859,0.811221,1415,999.0,,1459,432.0,300,4605,1352,567663
0.743224,0.821165,1392,1026.0,,1590,420.0,325,4753,1364,578812
0.805251,0.819435,1330,1062.0,,1667,400.0,291,4750,1340,579668
0.816943,0.848041,1429,1134.0,,1815,436.0,359,5173,1356,609994
0.814518,0.888524,1687,1151.0,,2033,423.0,354,5648,1362,635661
0.86067,0.962826,1636,1230.0,,2292,481.0,324,5963,1354,619323
0.886704,1.02252,1714,1297.0,,2169,461.0,329,5970,1349,583853
1.00845,1.08392,1993,1392.0,,2744,536.0,397,7062,1369,651524
1.06625,1.17724,2178,1520.0,,2947,627.0,432,7704,1367,654414
1.05995,1.1716,2170,1654.0,,2746,652.0,404,7626,1332,650904
1.22559,1.24325,2849,2015.0,,3693,871.0,621,10049,1963,808287
1.31066,1.3234,3016,2102.0,,4007,912.0,678,10715,1976,809660
1.3711,1.40399,3263,2357.0,,4360,951.0,653,11584,1995,825079
1.39171,1.37629,3141,2254.0,,4148,927.0,694,11164,1999,811165
1.43712,1.46866,3563,2450.0,,4783,935.0,692,12423,2048,845875
1.50165,1.533,3746,2517.0,,4725,943.0,745,12676,2028,826877
1.59805,1.60841,3960,2656.0,,5076,1026.0,766,13484,2023,838344
1.89668,1.90047,3974,2427.0,,4073,981.0,703,12158,2000,639738
1.67728,1.73645,4469,3011.0,,5076,1232.0,829,14617,2040,841777
1.78296,1.81945,4575,2902.0,,5384,1252.0,873,14986,2020,823657
1.87336,1.96571,5135,2963.0,,5105,1250.0,943,15396,2000,783227
2.32148,2.42021,5377,2876.0,,4317,1256.0,1013,14839,1978,613128
2.40991,2.41083,5700,3264.0,,4011,1524.0,1180,15679,1949,650356
1.94328,1.98859,4775,3597.0,,4494,1631.0,1157,15654,2004,787192
1.99796,1.98985,4574,3180.0,,5362,1380.0,1021,15517,2005,779809
2.11829,2.1071,4804,3226.0,,5380,1297.0,954,15661,2008,743249
2.25112,2.19256,5088,3615.0,,6882,1551.0,1007,18143,2026,827482
2.37116,2.30014,5135,3759.0,,7353,1625.0,1072,18944,2007,823602
2.80035,2.67574,5645,4600.0,,8434,1916.0,1179,21774,2000,813755
3.16475,3.02427,5997,5642.0,,9325,2347.0,1370,24681,1993,816098
3.15183,3.11328,6299,6001.0,,10127,2606.0,1390,26423,1956,848718
3.3321,3.32788,6619,6395.0,,11415,2599.0,1440,28468,1952,855439
3.56024,3.5918,6660,7358.0,,11856,2977.0,1630,30481,1922,848628
3.05479,3.09262,5574,6026.0,,9334,2489.0,1471,24894,1898,804948
2.76732,2.78803,5187,4982.0,,8489,2000.0,1282,21940,1900,786936
2.44161,2.52371,4581,4476.0,,7392,1953.0,1201,19603,1832,776752
2.03348,2.12928,3707,3869.0,,6403,1660.0,1130,16769,1813,787543
1.98593,2.05142,3572,3530.0,,6595,1533.0,1031,16261,1805,792672
1.91514,1.98957,3515,3247.0,,6357,1373.0,945,15437,1774,775895
1.69968,1.7858,3157,2986.0,,5557,1235.0,901,13836,1759,774777
1.57635,1.60144,2772,2586.0,,4729,1037.0,746,11870,1742,741210
1.3935,1.4743,2871,2276.0,,4046,849.0,665,10707,1690,726244
1.29941,1.42286,2688,1998.0,,3630,839.0,643,9798,1626,688612
1.18379,1.38196,2612,1714.0,,3126,717.0,618,8787,1439,635835
1.13723,1.33712,2545,1637.0,,2620,663.0,532,7997,1482,598077
1.04118,1.13894,2293,1460.0,,2313,617.0,518,7201,1446,632252
0.971814,1.09641,2189,1354.0,,2171,588.0,466,6768,1440,617287
0.863306,0.999559,2062,1178.0,,1905,493.0,386,6024,1402,602666
0.833797,0.99095,1873,1146.0,,1810,473.0,384,5686,1382,573793
0.784516,0.931253,1646,985.0,,1641,463.0,383,5118,1379,549582
0.734327,0.843118,1610,1064.0,,1599,422.0,383,5078,1392,602288
0.698845,0.840286,1670,994.0,,1621,384.0,375,5044,1388,600272
0.723099,0.830065,1580,1036.0,,1624,362.0,323,4925,1393,593327
0.663501,0.790428,1455,971.0,,1496,359.0,315,4596,1360,581457
0.69276,0.830826,1512,1016.0,,1639,382.0,319,4868,1329,585923
0.710029,0.856796,1644,1028.0,,1914,373.0,306,5265,1345,614499
0.834232,1.00746,1848,1234.0,,2364,465.0,349,6260,1356,621362
0.992621,1.05868,1815,1242.0,,2651,455.0,341,6504,1354,614349
1.01605,1.10028,1883,1284.0,,2604,471.0,381,6623,1347,601938
1.07169,1.1457,2026,1509.0,,3073,579.0,452,7639,1365,666755
1.10163,1.2189,2341,1539.0,,3298,613.0,438,8229,1363,675119
1.18841,1.31113,2413,1645.0,,3334,630.0,483,8505,1389,648678
1.2019,1.27386,3110,2114.0,,4169,828.0,643,10864,1946,852842
1.23108,1.29342,3207,2155.0,,4078,879.0,678,10997,1973,850228
1.26796,1.33097,3564,2234.0,,4452,981.0,695,11926,1983,896035
1.36298,1.42662,3786,2406.0,,4769,987.0,700,12648,2006,886570
1.48535,1.57071,4314,2444.0,,5287,1030.0,715,13790,1999,877947
1.55954,1.65146,4703,2549.0,,5193,1055.0,758,14258,1990,863356
1.64783,1.73309,4979,2659.0,,5610,1083.0,829,15160,2000,874739
1.91275,2.03388,5032,2634.0,,4567,1108.0,867,14208,2011,698566
1.81725,1.88331,5209,3326.0,,5655,1359.0,1056,16605,2001,881694
1.91433,2.00292,5501,3188.0,,5812,1413.0,1047,16961,2013,846813
2.21003,2.27731,5744,3491.0,,6724,1485.0,1019,18463,2000,810736
2.73568,2.91465,6653,4099.0,,7469,1923.0,1421,21565,1977,739882
3.36832,3.54919,7712,5247.0,,7144,2652.0,2145,24900,1928,701569
3.09689,3.08102,6716,5673.0,,6786,2773.0,2230,24178,2024,784740
3.07346,3.01875,6020,5313.0,,8843,2639.0,2082,24897,1997,824746
3.51643,3.40446,6399,5588.0,,12147,2717.0,1930,28781,2029,845391
3.8027,3.52869,6958,5788.0,,14073,2623.0,1823,31265,2021,886023
4.50313,4.10665,7452,6522.0,,17482,2968.0,2093,36517,2024,889216
5.06308,4.7551,8110,8235.0,,20150,3749.0,2646,42890,2027,901978
4.86009,4.65163,7726,8328.0,,18692,3652.0,2637,41035,1967,882163
4.57916,4.57049,7649,8560.0,,17300,3807.0,2808,40124,1987,877892
3.55674,3.45522,6129,6496.0,,12394,2983.0,2181,30183,1995,873547
3.50417,3.29505,5854,5970.0,,11552,2766.0,1918,28060,1971,851580
3.21511,3.16426,5503,5535.0,,10084,2582.0,1780,25484,1958,805370
3.10088,3.14433,5514,5858.0,,11503,2641.0,1838,27354,1940,869946
2.79056,2.87936,5145,5070.0,,10149,2354.0,1624,24342,1899,845397
2.38547,2.36977,4488,3918.0,,8178,1760.0,1333,19677,1906,830332
1.9703,1.93853,3909,3151.0,,5847,1470.0,1171,15548,1861,802052
1.73442,1.64064,3306,2766.0,,4683,1258.0,993,13006,1845,792740
1.56303,1.4752,2997,2391.0,,4497,1111.0,928,11924,1846,808298
1.4128,1.37755,2890,2039.0,,4105,1011.0,717,10762,1795,781240
1.27492,1.33771,2751,2037.0,,3831,862.0,721,10202,1767,762648
1.2834,1.34686,2685,2011.0,,3518,886.0,709,9809,1746,728288
1.16663,1.26579,2341,1745.0,,3060,771.0,647,8564,1614,676574
1.10977,1.25701,2311,1577.0,,2575,710.0,583,7756,1569,617021
1.04333,1.16048,2412,1459.0,,2377,671.0,591,7510,1493,647145
0.905151,1.04834,2049,1346.0,,2099,595.0,547,6636,1470,633003
0.902718,0.992711,1930,1282.0,,1971,559.0,498,6240,1469,628582
0.859531,0.961603,1771,1121.0,,1748,489.0,467,5596,1422,581945
0.818998,0.955818,1728,1111.0,,1564,505.0,418,5326,1456,557219
0.752505,0.827597,1545,1004.0,,1578,462.0,372,4961,1405,599446
0.731146,0.811886,1549,908.0,,1421,450.0,419,4747,1384,584688
0.733295,0.818527,1576,953.0,,1515,459.0,376,4879,1377,596071
0.73102,0.829758,1529,1037.0,,1485,415.0,433,4899,1390,590413
0.68834,0.828503,1559,1044.0,,1481,441.0,390,4915,1386,593239
0.732049,0.885896,1603,1097.0,,1691,427.0,412,5230,1350,590363
0.911188,1.05351,1964,1256.0,,2549,473.0,411,6653,1379,631507
1.02105,1.11768,2076,1302.0,,2726,526.0,503,7133,1370,638196
1.09495,1.14028,2073,1369.0,,2488,587.0,555,7072,1384,620201
1.09475,1.13326,2372,1656.0,,2942,706.0,628,8304,1485,732755
1.09775,1.17589,2544,1625.0,,3075,664.0,655,8563,1484,728214
1.18882,1.23848,2840,1652.0,,3201,746.0,640,9079,1468,733077
1.26589,1.2802,7698,4976.0,,9112,2142.0,1750,25678,4440,2005784
1.30479,1.33123,8236,5352.0,,8906,2146.0,1894,26534,4490,1993190
1.34075,1.40786,8816,5610.0,,9986,2278.0,1948,28638,4532,2034152
1.51674,1.5722,10012,5844.0,,11062,2648.0,2098,31664,4532,2013996
1.74583,1.70326,10438,6578.0,,12268,2730.0,2124,34138,4444,2004280
1.88708,1.86636,12252,7218.0,,13342,3044.0,2258,38114,4576,2042158
2.05923,2.07647,13760,8486.0,,15154,3610.0,2774,43784,4592,2108580
2.27971,2.33593,13890,7688.0,,11750,3414.0,2890,39632,4542,1696628
2.28379,2.24637,14016,10470.0,,14948,4412.0,3658,47504,4558,2114700
2.58278,2.49504,14458,10092.0,,16976,4670.0,3714,49910,4544,2000366
3.36558,3.2005,16570,13342.0,,22518,5910.0,4664,63004,4524,1968566
4.73117,4.43807,20894,19712.0,,28332,9160.0,7466,85564,4422,1927956
5.70943,5.46361,22670,23014.0,,23080,11508.0,10238,90510,4264,1656598
5.74658,5.35765,18820,26766.0,,23434,13742.0,11776,94538,4486,1764542
5.89207,5.52437,20106,30760.0,,34714,15544.0,12398,113522,4514,2054932
6.51759,6.34528,23994,32024.0,,43794,15138.0,11122,126072,4572,1986862
7.16338,7.01811,26816,36634.0,,61250,17822.0,12130,154652,4576,2203614
7.52133,7.7809,29688,38172.0,,74400,17830.0,11880,171970,4550,2210156
7.38748,7.76939,30384,39054.0,,77212,17252.0,11748,175650,4598,2260794
6.44688,6.81176,26730,34406.0,,64248,16158.0,10878,152420,4454,2237600
4.95881,5.15749,20308,24874.0,,40900,11610.0,8358,106050,4544,2056232
3.68612,3.55945,14416,16970.0,,26784,8208.0,5750,72128,4416,2026382
3.18626,3.00518,12736,12970.0,,21700,6276.0,4584,58266,4428,1938854
2.76894,2.73038,11176,11856.0,,18936,5644.0,4264,51876,4402,1899956
2.48706,2.47768,10446,10816.0,,17280,5126.0,3942,47610,4360,1921558
2.40802,2.36314,9442,9440.0,,14428,4590.0,3486,41386,4288,1751316
2.07483,2.03139,9106,8918.0,,12436,4306.0,3382,38148,4254,1877926
1.77898,1.80376,8290,7498.0,,11010,3636.0,2894,33328,4172,1847696
1.61487,1.58696,7712,6428.0,,10538,2854.0,2206,29738,4224,1873900
1.5385,1.53801,7446,6052.0,,10672,2742.0,2192,29104,4176,1892320
1.52612,1.44974,7316,5208.0,,9630,2434.0,1994,26582,4036,1833566
1.28847,1.27729,6888,4410.0,,8266,1870.0,1804,23238,3866,1819322
1.18344,1.22051,6718,4478.0,,7528,1810.0,1598,22132,3954,1813336
1.24919,1.23235,6770,4164.0,,6858,1768.0,1732,21292,3792,1727758
1.14131,1.223,6440,3644.0,,5974,1692.0,1466,19216,3604,1571212
0.9878,1.0473,5694,3676.0,,5104,1604.0,1308,17386,3596,1660080
0.895565,0.978113,4750,3192.0,,4490,1398.0,1316,15146,3506,1548492
0.892204,0.947548,4624,3108.0,,4324,1458.0,1232,14746,3546,1556228
0.877184,0.867554,4412,3060.0,,3832,1338.0,1252,13894,3472,1601514
0.780203,0.82328,4018,2598.0,,3724,1078.0,1098,12516,3560,1520260
0.725075,0.771497,3886,2886.0,,3802,1254.0,1174,13002,3570,1685294
0.68247,0.706819,3482,2580.0,,3440,1132.0,938,11572,3496,1637194
0.640393,0.685155,3330,2404.0,,3286,1048.0,926,10994,3482,1604600
0.639127,0.687351,3236,2492.0,,3538,1050.0,908,11224,3448,1632936
0.705637,0.735733,3452,2668.0,,3568,1082.0,952,11722,3380,1593242
0.707801,0.806048,3972,2774.0,,4340,1032.0,956,13074,3450,1621988
0.822659,0.944013,4478,2984.0,,4936,1218.0,1030,14646,3220,1551462
0.859864,0.960101,4890,3276.0,,5660,1312.0,1084,16222,3362,1689614
1.10083,1.14128,5628,3970.0,,6686,1534.0,1242,19060,3420,1670054
1.15323,1.14784,5546,4224.0,,7320,1658.0,1382,20130,3416,1753724
1.20178,1.31156,6484,4694.0,,7898,1844.0,1458,22378,3368,1706218
1.2498,1.26102,6962,4976.0,,8396,1862.0,1338,23534,3420,1866260
1.41876,1.41974,4887,3886.0,,6341,1563.0,1298,17975,2611,1266076
1.40077,1.473,5332,4048.0,,6279,1667.0,1326,18652,2651,1266257
1.47139,1.58968,5589,4405.0,,6802,1752.0,1400,19948,2623,1254844
1.63634,1.72208,6249,4619.0,,7487,1835.0,1444,21634,2678,1256271
1.79125,1.84114,6869,4733.0,,8291,1825.0,1451,23169,2666,1258405
1.86871,1.92692,7509,4834.0,,8451,1840.0,1451,24085,2672,1249921
1.98121,2.0852,7821,5037.0,,8076,1998.0,1487,24419,2665,1171062
2.23487,2.40063,8607,5017.0,,7197,2112.0,1702,24635,2618,1026187
2.14572,2.24479,8890,6582.0,,8788,2758.0,2078,29096,2666,1296156
2.25134,2.29962,8809,5974.0,,9276,2456.0,1862,28377,2658,1233986
2.6411,2.73181,10156,6821.0,,11376,2779.0,1981,33113,2650,1212127
3.13478,3.24012,11515,8127.0,,12816,3322.0,2480,38260,2596,1180820
3.96538,4.18077,13615,10348.0,,12044,4471.0,3534,44012,2581,1052725
3.45972,3.63095,11686,11413.0,,9572,5204.0,4260,42135,2630,1160440
3.07558,3.13643,9369,10416.0,,10758,4826.0,3446,38815,2656,1237552
3.3258,3.36213,9703,10045.0,,14265,4235.0,2951,41199,2658,1225384
3.79773,3.88115,10765,11194.0,,16965,4457.0,2860,46241,2677,1191426
4.34227,4.52235,11628,13048.0,,22217,5116.0,3255,55264,2668,1222020
4.86953,5.20091,13899,15785.0,,29772,6174.0,4102,69732,2673,1340765
5.03689,5.42034,14246,15945.0,,29255,6333.0,4277,70056,2655,1292464
4.8812,5.27078,13634,15716.0,,26502,6124.0,4485,66461,2655,1260932
4.54791,4.58991,11647,13847.0,,23468,5706.0,4134,58802,2658,1281115
4.3762,4.39714,11168,13079.0,,21760,5368.0,4056,55431,2637,1260615
4.22692,4.12777,10986,12580.0,,20081,5353.0,4177,53177,2646,1288273
3.68251,3.50278,9721,10717.0,,16800,4532.0,3898,45668,2653,1303765
3.08559,3.04819,8644,8656.0,,13642,3811.0,3195,37948,2619,1244935
2.69831,2.67984,7606,7491.0,,11768,3274.0,2802,32941,2620,1229217
2.28676,2.26612,6754,6208.0,,10005,2568.0,2319,27854,2568,1229148
2.01217,1.96484,6325,4934.0,,7904,2108.0,1876,23147,2542,1178058
1.71323,1.72201,5698,4553.0,,6621,2000.0,1738,20610,2516,1196855
1.56678,1.5728,5369,4084.0,,6207,1667.0,1537,18864,2485,1199386
1.49827,1.45718,4789,3574.0,,5906,1480.0,1358,17107,2444,1173980
1.49961,1.50332,4649,3482.0,,5530,1437.0,1361,16459,2336,1094840
1.42123,1.40257,4601,3214.0,,5234,1347.0,1367,15763,2224,1123869
1.39258,1.40358,4442,3094.0,,4660,1279.0,1301,14776,2196,1052737
1.21697,1.23749,3937,2952.0,,4115,1242.0,1205,13451,2258,1086961
1.11266,1.12161,3506,2729.0,,3741,1051.0,1079,12106,2206,1079343
0.991888,1.01276,3056,2425.0,,3288,998.0,928,10695,2159,1056024
0.946401,0.959768,2955,2183.0,,3117,910.0,862,10027,2084,1044732
0.874695,0.878917,2512,1911.0,,2726,797.0,776,8722,2154,992358
0.809169,0.794181,2346,1882.0,,2661,799.0,737,8425,2111,1060841
0.75452,0.766394,2222,1862.0,,2571,757.0,704,8116,2154,1058986
0.732983,0.748613,2138,1805.0,,2466,763.0,615,7787,2140,1040191
0.725811,0.757116,2354,1830.0,,2438,658.0,604,7884,2151,1041320
0.754209,0.770094,2102,2042.0,,2392,766.0,758,8060,2167,1046625
0.729672,0.833506,2634,2047.0,,2831,788.0,694,8994,2200,1079056
0.839875,0.94034,2911,2211.0,,3503,762.0,716,10103,2170,1074399
0.989358,1.08197,3428,2559.0,,4244,896.0,777,11904,2193,1100212
1.1354,1.20216,3810,2927.0,,4548,1033.0,870,13188,2217,1097022
1.23124,1.27291,3912,3297.0,,5502,1173.0,959,14843,2247,1166071
1.24448,1.3881,4469,3577.0,,5678,1251.0,1026,16001,2224,1152730
1.3379,1.49515,4981,3882.0,,6121,1368.0,1101,17453,2211,1167311
1.49002,1.50284,6219,4827.0,,7658,1764.0,1448,21916,2912,1458307
1.59192,1.59764,6550,5148.0,,7638,2015.0,1603,22954,2942,1436748
1.72572,1.73931,7287,5548.0,,8292,2110.0,1649,24886,2966,1430800
1.83419,1.86039,7892,6080.0,,9349,2305.0,1793,27419,2997,1473831
2.04008,2.01412,8658,6143.0,,10068,2279.0,1762,28910,3005,1435369
2.39351,2.36364,10557,7182.0,,12551,2453.0,1843,34586,3022,1463253
2.63251,2.64428,11446,7905.0,,13671,2741.0,1969,37732,2991,1426928
2.89941,2.97387,12716,9138.0,,17058,3101.0,2148,44161,2987,1484969
3.41501,3.45389,14444,9209.0,,14821,3199.0,2371,44044,2993,1275199
3.2579,3.31281,13852,11947.0,,16397,3929.0,2779,48904,2995,1476208
3.94308,3.86928,14728,12822.0,,21877,4114.0,2903,56444,2958,1458774
5.06435,5.02613,18001,16227.0,,29182,4835.0,3349,71594,2926,1424436
7.06161,7.15315,24097,24617.0,,34004,7638.0,5401,95757,2917,1338669
5.90066,6.21936,21594,27655.0,,23392,9209.0,6881,88731,2970,1426691
4.9402,5.06711,15564,23634.0,,22756,8196.0,5464,75614,3002,1492251
5.33135,5.35768,16587,21413.0,,29668,7386.0,4729,79783,2995,1489132
6.07822,6.02274,18574,23658.0,,35275,7973.0,4670,90150,2997,1496826
6.74724,6.87271,20299,28889.0,,44117,9527.0,5475,108307,2995,1575900
6.80157,7.08558,20270,29823.0,,45513,10049.0,5706,111361,3005,1571657
6.11292,6.22068,17393,26428.0,,36909,9231.0,5457,95418,2969,1533883
5.52513,5.61968,15330,23189.0,,28531,8320.0,5189,80559,2984,1433517
5.12333,5.10268,13820,22127.0,,25490,8276.0,5110,74823,2947,1466346
5.26652,5.28928,13888,23906.0,,26396,8891.0,5698,78779,2913,1489410
5.66932,6.28745,14154,29667.0,,27756,11334.0,6696,89607,2847,1425172
6.38029,7.35285,10790,30818.0,,17512,12478.0,6986,78584,2810,1068755
4.91692,6.22687,5129,22408.0,,8322,10825.0,6458,53142,2738,853431
3.78625,4.82995,2359,14964.0,,4852,8696.0,5380,36251,2696,750546
2.80122,3.47366,1496,9995.0,,3426,6043.0,4014,24974,2698,718953
2.12907,2.57391,1068,7427.0,,2667,4184.0,2928,18274,2679,709970
1.73315,2.02032,926,6339.0,,2317,3289.0,2293,15164,2663,750576
1.40939,1.6211,864,5292.0,,2098,2670.0,1897,12821,2635,790883
1.18297,1.35141,730,4585.0,,1889,2241.0,1623,11068,2625,818998
1.11444,1.23805,788,4112.0,,1960,2171.0,1449,10480,2613,846493
1.00534,1.07598,1224,4375.0,,2402,2148.0,1586,11735,2982,1090638
0.88827,0.885843,805,3572.0,,1898,1878.0,1461,9614,2961,1085294
0.814062,0.819928,802,3440.0,,1969,1705.0,1409,9325,2943,1137295
0.836751,0.814575,881,3454.0,,2141,1726.0,1378,9580,2915,1176074
0.928418,0.950758,1006,4710.0,,2679,2001.0,1472,11868,2949,1248267
1.14217,1.20306,1216,6241.0,,3491,2649.0,1902,15499,2907,1288294
1.27401,1.38424,1395,7032.0,,3970,3223.0,2223,17843,2908,1289006
1.34924,1.47268,1545,8013.0,,4095,3765.0,2632,20050,2931,1361462
1.34434,1.43715,1658,7526.0,,4075,3566.0,2436,19261,2905,1340226
1.22153,1.21898,1634,6105.0,,3560,3089.0,2145,16533,2964,1356301
1.15258,1.15067,1609,5709.0,,3497,2595.0,2114,15524,3005,1349125
1.0625,1.05647,1570,4977.0,,3272,2361.0,1938,14118,2967,1336334
0.979884,0.981699,1592,4502.0,,3167,2174.0,1758,13193,2989,1343895
0.968853,0.961487,1804,4305.0,,3283,1894.0,1666,12952,2942,1347080
1.00014,0.970484,1866,4032.0,,3951,1821.0,1489,13159,2979,1355922
0.921454,0.920215,1776,3776.0,,3616,1698.0,1481,12347,2935,1341752
1.03555,0.978061,2000,3975.0,,3822,1793.0,1446,13036,2928,1332841
0.974333,0.955677,2070,4070.0,,3628,1794.0,1487,13049,2954,1365420
1.06408,1.03818,2287,4413.0,,4366,1944.0,1579,14589,2954,1405243
1.0872,1.07453,2467,5122.0,,4748,2376.0,1857,16570,3332,1542071
1.20898,1.18497,2562,6035.0,,5258,3012.0,2327,19194,3373,1619788
1.10874,1.09042,2316,5674.0,,4631,2554.0,2106,17281,3351,1584807
1.18588,1.14934,2457,5864.0,,4852,2834.0,2180,18187,3377,1582393
1.25,1.1881,2515,6101.0,,4924,2770.0,2302,18612,3471,1566538
1.43782,1.33548,2727,7094.0,,5837,3291.0,2461,21410,3470,1603163
1.48426,1.37797,2776,7686.0,,5549,3736.0,2876,22623,3436,1641763
1.54717,1.4268,2693,7829.0,,5342,3960.0,2898,22722,3376,1592518
1.60668,1.49601,2485,7094.0,,4585,3962.0,3194,21320,3378,1425127
1.56586,1.44878,2604,7698.0,,4875,3988.0,3140,22305,3382,1539568
1.52073,1.4297,2567,7530.0,,4726,4073.0,3323,22219,3400,1554103
1.50659,1.39828,2482,7131.0,,4282,3846.0,3145,20886,3340,1493692
1.55413,1.45723,2323,6632.0,,3564,3925.0,3408,19852,3343,1362314
1.5907,1.5383,2585,7729.0,,3934,4520.0,3668,22436,3322,1458493
1.47569,1.43493,2414,7979.0,,4549,4363.0,3415,22720,3358,1583355
1.29196,1.26364,2380,6402.0,,4056,3525.0,2831,19194,3332,1518947
1.25191,1.21094,2566,5878.0,,4056,3311.0,2542,18353,3356,1515597
1.10337,1.12256,2560,5345.0,,3955,2810.0,2240,16910,3367,1506379
1.16554,1.08197,2636,4996.0,,4015,2527.0,1927,16101,3337,1488119
1.00745,0.974818,2557,4103.0,,3736,2136.0,1576,14108,3288,1447245
0.986987,0.907497,2320,3710.0,,3146,1922.0,1504,12602,3297,1388655
0.862967,0.860475,2544,3841.0,,3541,1900.0,1521,13347,3318,1551120
0.82875,0.842691,2773,3536.0,,3544,1813.0,1351,13017,3319,1544694
0.883305,0.903419,3220,3785.0,,3811,1906.0,1376,14098,3325,1560517
0.90874,0.939582,3515,3940.0,,3856,1909.0,1360,14580,3268,1551754
0.948022,0.960224,3817,4216.0,,3915,2057.0,1354,15359,3242,1599523
0.974936,0.998001,4116,4395.0,,4089,2129.0,1265,15994,3301,1602603
1.06411,1.07813,4740,5062.0,,4692,2290.0,1364,18148,3323,1683278
1.08168,1.10911,5227,5292.0,,4909,2364.0,1385,19177,3324,1729037
1.10339,1.15017,5764,4859.0,,5095,2143.0,1452,19313,3290,1679142
1.13164,1.1826,6335,4818.0,,5517,2045.0,1419,20134,3303,1702520
1.1483,1.20847,6822,4620.0,,5403,1803.0,1289,19937,3272,1649771
1.19144,1.25476,7366,4364.0,,5492,1843.0,1308,20373,3255,1623653
1.24686,1.26333,8352,4421.0,,5414,1745.0,1334,21266,3233,1683332
1.14576,1.19113,7953,3990.0,,4967,1596.0,1179,19685,3184,1652632
1.18405,1.25152,8502,3978.0,,4856,1576.0,1240,20152,3182,1610198
1.12999,1.14539,8097,3692.0,,4646,1528.0,1225,19188,3148,1675241
1.19103,1.18507,8536,3805.0,,4619,1515.0,1197,19672,3107,1659980
1.21258,1.21019,8514,3815.0,,4611,1652.0,1304,19896,3093,1644041
1.2132,1.2128,8369,4006.0,,4757,1678.0,1293,20103,3092,1657572
1.26708,1.32915,8719,4860.0,,5310,1978.0,1509,22376,3094,1683488
1.38688,1.44259,9193,6030.0,,5930,2400.0,1710,25263,3103,1751226
1.64767,1.70922,10372,7962.0,,7171,2899.0,2150,30554,3102,1787598
1.799,1.90931,11144,9254.0,,8575,3618.0,2630,35221,3088,1844702
1.94947,2.05205,11102,10547.0,,8901,4328.0,2884,37762,3085,1840212
2.03512,2.15537,11264,11227.0,,10105,4556.0,2917,40069,3079,1859035
2.19023,2.30346,11809,11022.0,,12282,4744.0,2896,42753,3071,1856032
2.23843,2.30735,11982,10384.0,,13529,4341.0,2826,43062,3066,1866295
2.26655,2.2523,11745,9562.0,,13057,3889.0,2625,40878,3067,1814941
2.21303,2.21305,11711,9090.0,,12253,3738.0,2646,39438,3057,1782067
2.04664,2.00533,11254,7783.0,,11583,3296.0,2306,36222,3095,1806283
1.9014,1.93726,10928,6861.0,,11397,2768.0,2065,34019,3076,1756033
1.84504,1.84254,10142,5638.0,,10065,2320.0,1837,30002,2919,1628298
2.03811,1.96461,13161,7486.0,,13175,3210.0,2587,39619,3587,2016630
1.94464,1.90023,13066,7083.0,,11954,2944.0,2442,37489,3580,1972863
1.92538,1.86005,12494,6452.0,,11448,2940.0,2350,35684,3538,1918446
1.9789,1.89307,12858,6669.0,,11881,2850.0,2358,36616,3572,1934216
2.1334,2.08583,13295,6961.0,,14444,2918.0,2368,39986,3578,1917029
2.25788,2.22432,14559,7836.0,,15933,3190.0,2724,44242,3601,1989010
2.41079,2.35599,14735,8519.0,,17350,3635.0,2808,47047,3591,1996913
2.51762,2.45722,14913,8173.0,,13394,3715.0,3102,43297,3584,1762035
2.55244,2.56131,15161,11287.0,,17338,4880.0,4005,52671,3608,2056405
2.72476,2.71523,14968,11367.0,,19950,4856.0,3886,55027,3613,2026604
3.14645,3.09817,16285,13614.0,,23449,5230.0,3961,62539,3584,2018579
4.00686,4.07763,18514,22550.0,,25049,7767.0,5304,79184,3564,1941911
4.90468,5.07044,24118,38319.0,,28970,13517.0,8997,113921,3532,2246767
4.3291,4.28258,17048,31466.0,,24806,12064.0,7939,93323,3561,2179129
3.5344,3.41512,12222,21822.0,,20205,8731.0,6178,69158,3568,2025052
2.82024,2.68756,9526,15080.0,,13305,6219.0,4555,48685,3573,1811493
2.06558,1.96884,7300,9847.0,,9503,4562.0,3508,34720,3554,1763472
1.68092,1.55907,6083,6418.0,,7740,3016.0,2552,25809,3488,1655407
1.44022,1.33898,6395,5166.0,,7604,2401.0,2153,23719,3548,1771418
1.48974,1.37013,6915,4640.0,,8497,2080.0,1798,23930,3545,1746548
1.46266,1.369,7065,4638.0,,8336,1814.0,1767,23620,3546,1725348
1.58728,1.42265,7422,5004.0,,9827,1862.0,1674,25789,3541,1812738
1.70339,1.54633,8209,5054.0,,11091,1949.0,1770,28073,3563,1815454
1.83335,1.6781,9041,5909.0,,12118,2199.0,2075,31342,3535,1867703
1.87057,1.73106,9306,5974.0,,12647,2337.0,2169,32433,3531,1873589
1.97612,1.85385,9612,6754.0,,13658,2382.0,2405,34811,3518,1877763
2.07126,1.99356,10560,7268.0,,15181,2571.0,2548,38128,3526,1912563
2.16302,2.12932,11334,7834.0,,16092,2865.0,2828,40953,3518,1923288
2.20418,2.1826,11732,8310.0,,15745,3170.0,3115,42072,3530,1927606
2.24681,2.21199,12656,8682.0,,16956,3350.0,3336,44980,3520,2033467
2.3613,2.41398,12834,9398.0,,18627,3607.0,3321,47787,3442,1979594
2.48314,2.58986,14818,10334.0,,20490,3886.0,3852,53380,3465,2061117
2.45354,2.60388,15053,10453.0,,20742,3980.0,3834,54062,3449,2076213
2.39624,2.64837,15267,10405.0,,20530,4075.0,3715,53992,3409,2038685
2.4335,2.6443,15815,10585.0,,17513,4063.0,3903,51879,3381,1961919
2.16334,2.29319,14154,9654.0,,13726,3941.0,3765,45240,3373,1972798
1.98842,2.07391,12858,8941.0,,11205,3665.0,3581,40250,3335,1940774
1.87678,1.91799,11865,8676.0,,9933,3736.0,3620,37830,3387,1972377
1.80274,1.80161,11066,8006.0,,8513,3524.0,3461,34570,3267,1918841
1.81978,1.79341,10585,8382.0,,8593,3699.0,3736,34995,3379,1951308
1.67886,1.66862,9525,8324.0,,8111,3546.0,3505,33011,3346,1978336
1.65939,1.64675,9361,8219.0,,8116,3485.0,3432,32613,3348,1980449
1.67083,1.64792,9153,8056.0,,7859,3485.0,3487,32040,3323,1944269
1.52259,1.51365,8661,7297.0,,7477,3105.0,3107,29647,3346,1958644
1.50755,1.51374,8392,6892.0,,7907,2828.0,2904,28923,3285,1910699
1.60507,1.6191,9479,6659.0,,9934,2819.0,2681,31572,3329,1949974
1.83793,1.80999,10793,7079.0,,12593,2730.0,2593,35788,3318,1977251
1.96433,1.89497,11526,6987.0,,13893,2671.0,2452,37529,3299,1980457
2.02422,1.94821,12548,6978.0,,13475,2701.0,2632,38334,3324,1967653
2.03228,1.97359,13386,6709.0,,14467,2599.0,2435,39596,3316,2006289
2.28328,2.20031,15904,6877.0,,16571,2633.0,2473,44458,3329,2020531
2.36912,2.30242,16977,6869.0,,16622,2764.0,2633,45865,3335,1992031
2.56561,2.5608,17521,10009.0,,18196,3716.0,3458,52900,3356,2065759
